chr	position	ref_count_Q1	alt_count_Q1	total_count_Q1	ref_count_Q2	alt_count_Q2	total_count_Q2	ref_count_Q3	alt_count_Q3	total_count_Q3	ref_count_Q4	alt_count_Q4	total_count_Q4	allele_balance_Q1	allele_balance_Q2	allele_balance_Q3	allele_balance_Q4	phasing_quadrant	haplotype_allele	phased_allele_balance_Q1	phased_allele_balance_Q2	phased_allele_balance_Q3	phased_allele_balance_Q4
chrX	1300601	152	122	274	200	95	295	125	69	194	257	152	409	0.5547445255474452	0.6779661016949152	0.6443298969072165	0.628361858190709	Q4	ref	0.5547445255474452	0.6779661016949152	0.6443298969072165	0.628361858190709
chrX	1303975	119	115	234	118	153	271	101	125	226	181	214	395	0.5085470085470085	0.5645756457564576	0.5530973451327433	0.5417721518987342	Q4	ref	0.5085470085470085	0.4354243542435424	0.4469026548672566	0.4582278481012658
chrX	1412755	15	19	34	14	26	40	22	18	40	21	23	44	0.5588235294117647	0.65	0.55	0.5227272727272727	Q4	alt	0.5588235294117647	0.65	0.45	0.5227272727272727
chrX	1412872	17	8	25	17	9	26	16	4	20	7	10	17	0.68	0.6538461538461539	0.8	0.5882352941176471	Q4	alt	0.32	0.34615384615384615	0.2	0.5882352941176471
chrX	1412877	16	8	24	13	9	22	13	4	17	8	10	18	0.6666666666666666	0.5909090909090909	0.7647058823529411	0.5555555555555556	Q4	alt	0.3333333333333333	0.4090909090909091	0.23529411764705882	0.5555555555555556
chrX	1427899	12	12	24	11	12	23	20	13	33	9	11	20	0.5	0.5217391304347826	0.6060606060606061	0.55	Q4	alt	0.5	0.5217391304347826	0.3939393939393939	0.55
chrX	1427983	6	5	11	13	11	24	15	13	28	10	6	16	0.5454545454545454	0.5416666666666666	0.5357142857142857	0.625	Q4	ref	0.5454545454545454	0.5416666666666666	0.5357142857142857	0.625
chrX	1435756	13	11	24	19	12	31	13	25	38	11	13	24	0.5416666666666666	0.6129032258064516	0.6578947368421053	0.5416666666666666	Q4	ref	0.5416666666666666	0.6129032258064516	0.34210526315789475	0.4583333333333333
chrX	1594128	19	29	48	34	35	69	26	32	58	31	34	65	0.6041666666666666	0.5072463768115942	0.5517241379310345	0.5230769230769231	Q4	ref	0.3958333333333333	0.4927536231884058	0.4482758620689655	0.47692307692307695
chrX	1601004	10	12	22	15	15	30	20	15	35	15	5	20	0.5454545454545454	0.5	0.5714285714285714	0.75	Q4	ref	0.45454545454545453	0.5	0.5714285714285714	0.75
chrX	2221145	46	19	65	39	15	54	50	22	72	33	21	54	0.7076923076923077	0.7222222222222222	0.6944444444444444	0.6111111111111112	Q4	ref	0.7076923076923077	0.7222222222222222	0.6944444444444444	0.6111111111111112
chrX	2221159	42	15	57	36	19	55	47	25	72	35	23	58	0.7368421052631579	0.6545454545454545	0.6527777777777778	0.603448275862069	Q4	alt	0.2631578947368421	0.34545454545454546	0.3472222222222222	0.39655172413793105
chrX	2243088	14	31	45	15	40	55	27	46	73	24	35	59	0.6888888888888889	0.7272727272727273	0.6301369863013698	0.5932203389830508	Q4	ref	0.3111111111111111	0.2727272727272727	0.3698630136986301	0.4067796610169492
chrX	2488332	33	25	58	44	30	74	58	30	88	52	40	92	0.5689655172413793	0.5945945945945946	0.6590909090909091	0.5652173913043478	Q4	alt	0.43103448275862066	0.40540540540540543	0.3409090909090909	0.43478260869565216
chrX	2490396	25	35	60	25	42	67	35	38	73	36	54	90	0.5833333333333334	0.6268656716417911	0.5205479452054794	0.6	Q4	ref	0.4166666666666667	0.373134328358209	0.4794520547945205	0.4
chrX	2726261	102	58	160	167	77	244	191	80	271	134	69	203	0.6375	0.6844262295081968	0.7047970479704797	0.6600985221674877	Q4	ref	0.6375	0.6844262295081968	0.7047970479704797	0.6600985221674877
chrX	3310850	11	5	16	15	1	16	16	3	19	10	5	15	0.6875	0.9375	0.8421052631578947	0.6666666666666666	Q4	alt	0.3125	0.0625	0.15789473684210525	0.3333333333333333
chrX	3320692	13	1	14	10	4	14	12	5	17	7	4	11	0.9285714285714286	0.7142857142857143	0.7058823529411765	0.6363636363636364	Q4	ref	0.9285714285714286	0.7142857142857143	0.7058823529411765	0.6363636363636364
chrX	3321504	14	4	18	28	4	32	13	3	16	12	7	19	0.7777777777777778	0.875	0.8125	0.631578947368421	Q4	alt	0.2222222222222222	0.125	0.1875	0.3684210526315789
chrX	3322302	15	2	17	18	1	19	16	6	22	13	4	17	0.8823529411764706	0.9473684210526316	0.7272727272727273	0.7647058823529411	Q4	ref	0.8823529411764706	0.9473684210526315	0.7272727272727273	0.7647058823529411
chrX	3323009	10	5	15	22	3	25	13	0	13	10	1	11	0.6666666666666666	0.88	1.0	0.9090909090909092	Q4	ref	0.6666666666666666	0.88	1.0	0.9090909090909091
chrX	3323215	10	3	13	19	4	23	15	7	22	24	2	26	0.7692307692307693	0.8260869565217391	0.6818181818181818	0.9230769230769232	Q4	ref	0.7692307692307693	0.8260869565217391	0.6818181818181818	0.9230769230769231
chrX	3323243	12	3	15	20	5	25	13	7	20	18	4	22	0.8	0.8	0.65	0.8181818181818182	Q4	ref	0.8	0.8	0.65	0.8181818181818182
chrX	3323276	14	3	17	23	4	27	13	7	20	20	4	24	0.8235294117647058	0.8518518518518519	0.65	0.8333333333333334	Q4	ref	0.8235294117647058	0.8518518518518519	0.65	0.8333333333333334
chrX	3674684	10	8	18	10	5	15	11	8	19	7	4	11	0.5555555555555556	0.6666666666666666	0.5789473684210527	0.6363636363636364	Q4	alt	0.4444444444444444	0.3333333333333333	0.42105263157894735	0.36363636363636365
chrX	9895072	7	5	12	14	2	16	12	5	17	19	2	21	0.5833333333333334	0.875	0.7058823529411765	0.9047619047619048	Q4	ref	0.5833333333333334	0.875	0.7058823529411765	0.9047619047619048
chrX	11775185	14	6	20	19	3	22	20	0	20	17	0	17	0.7	0.8636363636363636	1.0	1.0	Q4	ref	0.7	0.8636363636363636	1.0	1.0
chrX	18920043	52	2	54	55	6	61	39	5	44	35	2	37	0.9629629629629628	0.9016393442622952	0.8863636363636364	0.945945945945946	Q4	ref	0.9629629629629629	0.9016393442622951	0.8863636363636364	0.9459459459459459
chrX	20052928	0	36	36	1	26	27	1	17	18	1	37	38	1.0	0.9629629629629628	0.9444444444444444	0.9736842105263158	Q4	alt	1.0	0.9629629629629629	0.9444444444444444	0.9736842105263158
chrX	20186343	18	29	47	18	30	48	14	23	37	5	23	28	0.6170212765957447	0.625	0.6216216216216216	0.8214285714285714	Q4	alt	0.6170212765957447	0.625	0.6216216216216216	0.8214285714285714
chrX	24055644	154	74	228	134	96	230	157	84	241	172	57	229	0.6754385964912281	0.5826086956521739	0.6514522821576764	0.7510917030567685	Q4	alt	0.32456140350877194	0.41739130434782606	0.34854771784232363	0.24890829694323144
chrX	38073633	20	5	25	12	8	20	18	3	21	8	7	15	0.8	0.6	0.8571428571428571	0.5333333333333333	Q4	ref	0.8	0.6	0.8571428571428571	0.5333333333333333
chrX	38108615	8	7	15	9	11	20	11	1	12	8	4	12	0.5333333333333333	0.55	0.9166666666666666	0.6666666666666666	Q4	ref	0.5333333333333333	0.45	0.9166666666666666	0.6666666666666666
chrX	40591333	40	155	195	42	188	230	59	199	258	14	208	222	0.7948717948717948	0.8173913043478261	0.7713178294573644	0.9369369369369368	Q4	alt	0.7948717948717948	0.8173913043478261	0.7713178294573644	0.9369369369369369
chrX	40600788	164	33	197	179	36	215	206	62	268	213	10	223	0.8324873096446701	0.8325581395348837	0.7686567164179104	0.9551569506726456	Q4	ref	0.8324873096446701	0.8325581395348837	0.7686567164179104	0.9551569506726457
chrX	43731789	344	9	353	513	17	530	609	32	641	569	7	576	0.9745042492917848	0.9679245283018868	0.9500780031201248	0.9878472222222222	Q4	ref	0.9745042492917847	0.9679245283018868	0.9500780031201248	0.9878472222222222
chrX	43744144	376	13	389	623	23	646	694	52	746	694	9	703	0.9665809768637532	0.9643962848297214	0.9302949061662198	0.9871977240398292	Q4	ref	0.9665809768637532	0.9643962848297214	0.9302949061662198	0.9871977240398293
chrX	47203135	38	101	139	39	134	173	51	129	180	47	137	184	0.7266187050359713	0.7745664739884393	0.7166666666666667	0.7445652173913043	Q4	alt	0.7266187050359713	0.7745664739884393	0.7166666666666667	0.7445652173913043
chrX	47226274	3	8	11	6	10	16	8	17	25	2	8	10	0.7272727272727273	0.625	0.68	0.8	Q4	alt	0.7272727272727273	0.625	0.68	0.8
chrX	47585586	44	17	61	60	52	112	105	123	228	27	16	43	0.7213114754098361	0.5357142857142857	0.5394736842105263	0.627906976744186	Q4	ref	0.7213114754098361	0.5357142857142857	0.4605263157894737	0.627906976744186
chrX	47586541	46	52	98	131	52	183	355	39	394	31	60	91	0.5306122448979592	0.7158469945355191	0.901015228426396	0.6593406593406593	Q4	alt	0.5306122448979592	0.28415300546448086	0.09898477157360407	0.6593406593406593
chrX	48894188	9	61	70	7	70	77	10	68	78	3	91	94	0.8714285714285714	0.9090909090909092	0.8717948717948718	0.9680851063829788	Q4	alt	0.8714285714285714	0.9090909090909091	0.8717948717948718	0.9680851063829787
chrX	48957639	25	0	25	65	7	72	64	1	65	63	1	64	1.0	0.9027777777777778	0.9846153846153848	0.984375	Q4	ref	1.0	0.9027777777777778	0.9846153846153847	0.984375
chrX	48991085	6	35	41	6	31	37	10	28	38	5	49	54	0.8536585365853658	0.8378378378378378	0.7368421052631579	0.9074074074074074	Q4	alt	0.8536585365853658	0.8378378378378378	0.7368421052631579	0.9074074074074074
chrX	49030563	8	45	53	6	63	69	15	83	98	5	71	76	0.8490566037735849	0.9130434782608696	0.8469387755102041	0.9342105263157896	Q4	alt	0.8490566037735849	0.9130434782608695	0.8469387755102041	0.9342105263157895
chrX	50598377	12	14	26	13	20	33	8	15	23	9	6	15	0.5384615384615384	0.6060606060606061	0.6521739130434783	0.6	Q4	alt	0.5384615384615384	0.6060606060606061	0.6521739130434783	0.4
chrX	52862616	50	0	50	24	0	24	18	0	18	22	0	22	1.0	1.0	1.0	1.0	Q4	ref	1.0	1.0	1.0	1.0
chrX	52862624	55	0	55	28	0	28	22	0	22	29	0	29	1.0	1.0	1.0	1.0	Q4	ref	1.0	1.0	1.0	1.0
chrX	53422619	22	5	27	26	16	42	32	16	48	37	15	52	0.8148148148148148	0.6190476190476191	0.6666666666666666	0.7115384615384616	Q4	alt	0.18518518518518517	0.38095238095238093	0.3333333333333333	0.28846153846153844
chrX	53614686	116	27	143	157	15	172	129	22	151	147	14	161	0.8111888111888111	0.9127906976744186	0.8543046357615894	0.9130434782608696	Q4	ref	0.8111888111888111	0.9127906976744186	0.8543046357615894	0.9130434782608695
chrX	54809928	69	148	217	86	171	257	74	167	241	59	164	223	0.6820276497695853	0.6653696498054474	0.6929460580912863	0.7354260089686099	Q4	alt	0.6820276497695853	0.6653696498054474	0.6929460580912863	0.7354260089686099
chrX	54810072	71	130	201	75	144	219	49	146	195	38	121	159	0.6467661691542289	0.6575342465753424	0.7487179487179487	0.7610062893081762	Q4	ref	0.35323383084577115	0.3424657534246575	0.2512820512820513	0.2389937106918239
chrX	54810907	51	87	138	72	118	190	57	135	192	41	136	177	0.6304347826086957	0.6210526315789474	0.703125	0.768361581920904	Q4	ref	0.3695652173913043	0.37894736842105264	0.296875	0.23163841807909605
chrX	54811644	72	160	232	68	178	246	63	148	211	36	151	187	0.6896551724137931	0.7235772357723578	0.7014218009478673	0.8074866310160428	Q4	alt	0.6896551724137931	0.7235772357723578	0.7014218009478673	0.8074866310160428
chrX	70452612	12	0	12	15	0	15	21	0	21	14	1	15	1.0	1.0	1.0	0.9333333333333332	Q4	ref	1.0	1.0	1.0	0.9333333333333333
chrX	71137013	62	3	65	70	7	77	76	8	84	66	9	75	0.953846153846154	0.9090909090909092	0.9047619047619048	0.88	Q4	ref	0.9538461538461539	0.9090909090909091	0.9047619047619048	0.88
chrX	71377696	33	10	43	40	7	47	34	4	38	25	2	27	0.7674418604651163	0.851063829787234	0.8947368421052632	0.925925925925926	Q4	ref	0.7674418604651163	0.851063829787234	0.8947368421052632	0.9259259259259259
chrX	72572062	18	5	23	14	0	14	14	3	17	21	3	24	0.782608695652174	1.0	0.8235294117647058	0.875	Q4	ref	0.782608695652174	1.0	0.8235294117647058	0.875
chrX	80929767	25	0	25	23	0	23	13	0	13	19	0	19	1.0	1.0	1.0	1.0	Q4	ref	1.0	1.0	1.0	1.0
chrX	85964016	12	5	17	13	4	17	9	7	16	14	3	17	0.7058823529411765	0.7647058823529411	0.5625	0.8235294117647058	Q4	ref	0.7058823529411765	0.7647058823529411	0.5625	0.8235294117647058
chrX	100629831	21	25	46	38	37	75	30	15	45	41	10	51	0.5434782608695652	0.5066666666666667	0.6666666666666666	0.803921568627451	Q4	ref	0.45652173913043476	0.5066666666666667	0.6666666666666666	0.803921568627451
chrX	105908290	0	282	282	0	246	246	0	160	160	0	157	157	1.0	1.0	1.0	1.0	Q4	alt	1.0	1.0	1.0	1.0
chrX	106956972	413	6	419	382	6	388	323	4	327	426	8	434	0.9856801909307876	0.9845360824742267	0.9877675840978594	0.9815668202764976	Q4	ref	0.9856801909307876	0.9845360824742269	0.9877675840978594	0.9815668202764977
chrX	106981371	13	418	431	12	403	415	7	328	335	5	421	426	0.9698375870069604	0.9710843373493976	0.9791044776119404	0.988262910798122	Q4	alt	0.9698375870069605	0.9710843373493976	0.9791044776119403	0.9882629107981221
chrX	112780929	125	1	126	123	1	124	109	1	110	130	1	131	0.992063492063492	0.9919354838709676	0.990909090909091	0.9923664122137404	Q4	ref	0.9920634920634921	0.9919354838709677	0.990909090909091	0.9923664122137404
chrX	118387375	6	12	18	6	6	12	9	7	16	4	13	17	0.6666666666666666	0.5	0.5625	0.7647058823529411	Q4	alt	0.6666666666666666	0.5	0.4375	0.7647058823529411
chrX	118393057	17	4	21	21	6	27	13	2	15	14	1	15	0.8095238095238095	0.7777777777777778	0.8666666666666667	0.9333333333333332	Q4	ref	0.8095238095238095	0.7777777777777778	0.8666666666666667	0.9333333333333333
chrX	118394093	7	13	20	8	22	30	12	15	27	4	17	21	0.65	0.7333333333333333	0.5555555555555556	0.8095238095238095	Q4	alt	0.65	0.7333333333333333	0.5555555555555556	0.8095238095238095
chrX	118432819	9	13	22	4	15	19	8	9	17	3	9	12	0.5909090909090909	0.7894736842105263	0.5294117647058824	0.75	Q4	ref	0.4090909090909091	0.21052631578947367	0.47058823529411764	0.25
chrX	118791935	19	27	46	19	41	60	9	69	78	6	32	38	0.5869565217391305	0.6833333333333333	0.8846153846153846	0.8421052631578947	Q4	alt	0.5869565217391305	0.6833333333333333	0.8846153846153846	0.8421052631578947
chrX	120456678	454	20	474	390	28	418	411	16	427	519	10	529	0.9578059071729956	0.9330143540669856	0.9625292740046838	0.9810964083175804	Q4	ref	0.9578059071729957	0.9330143540669856	0.9625292740046838	0.9810964083175804
chrX	120626774	22	3	25	33	7	40	30	3	33	26	9	35	0.88	0.825	0.9090909090909092	0.7428571428571429	Q4	ref	0.88	0.825	0.9090909090909091	0.7428571428571429
chrX	123907193	16	35	51	13	41	54	6	30	36	5	34	39	0.6862745098039216	0.7592592592592593	0.8333333333333334	0.8717948717948718	Q4	alt	0.6862745098039216	0.7592592592592593	0.8333333333333334	0.8717948717948718
chrX	134565930	18	611	629	7	474	481	2	425	427	12	722	734	0.971383147853736	0.9854469854469856	0.9953161592505856	0.983651226158038	Q4	alt	0.9713831478537361	0.9854469854469855	0.9953161592505855	0.9836512261580381
chrX	135051967	22	10	32	24	9	33	22	7	29	19	1	20	0.6875	0.7272727272727273	0.7586206896551724	0.95	Q4	ref	0.6875	0.7272727272727273	0.7586206896551724	0.95
chrX	135360587	5	12	17	4	8	12	4	7	11	1	9	10	0.7058823529411765	0.6666666666666666	0.6363636363636364	0.9	Q4	alt	0.7058823529411765	0.6666666666666666	0.6363636363636364	0.9
chrX	136874059	109	1	110	85	0	85	82	0	82	78	2	80	0.990909090909091	1.0	1.0	0.975	Q4	ref	0.990909090909091	1.0	1.0	0.975
chrX	153447700	25	0	25	30	0	30	15	0	15	24	0	24	1.0	1.0	1.0	1.0	Q4	ref	1.0	1.0	1.0	1.0
chrX	153447701	25	0	25	30	0	30	15	0	15	24	0	24	1.0	1.0	1.0	1.0	Q4	ref	1.0	1.0	1.0	1.0
chrX	154030595	15	8	23	23	9	32	32	3	35	23	3	26	0.6521739130434783	0.71875	0.9142857142857144	0.8846153846153846	Q4	ref	0.6521739130434783	0.71875	0.9142857142857143	0.8846153846153846
chrX	154348765	64	23	87	121	74	195	190	179	369	61	27	88	0.735632183908046	0.6205128205128205	0.5149051490514905	0.6931818181818182	Q4	alt	0.26436781609195403	0.37948717948717947	0.48509485094850946	0.3068181818181818
chrX	154353564	104	49	153	129	114	243	178	200	378	73	38	111	0.6797385620915033	0.5308641975308642	0.5291005291005291	0.6576576576576577	Q4	alt	0.3202614379084967	0.4691358024691358	0.5291005291005291	0.34234234234234234
chrX	154398397	4	6	10	12	4	16	15	4	19	8	9	17	0.6	0.75	0.7894736842105263	0.5294117647058824	Q4	alt	0.6	0.25	0.21052631578947367	0.5294117647058824
chrX	154405018	9	17	26	6	41	47	12	39	51	5	43	48	0.6538461538461539	0.8723404255319149	0.7647058823529411	0.8958333333333334	Q4	alt	0.6538461538461539	0.8723404255319149	0.7647058823529411	0.8958333333333334
chrX	154405612	4	28	32	3	30	33	11	39	50	7	42	49	0.875	0.9090909090909092	0.78	0.8571428571428571	Q4	alt	0.875	0.9090909090909091	0.78	0.8571428571428571
chrX	154428737	2	13	15	3	38	41	6	60	66	0	70	70	0.8666666666666667	0.926829268292683	0.9090909090909092	1.0	Q4	alt	0.8666666666666667	0.926829268292683	0.9090909090909091	1.0
chrX	154436152	24	199	223	32	242	274	42	280	322	19	351	370	0.8923766816143498	0.8832116788321168	0.8695652173913043	0.9486486486486486	Q4	alt	0.8923766816143498	0.8832116788321168	0.8695652173913043	0.9486486486486486
chrX	154438830	31	123	154	21	190	211	31	200	231	17	217	234	0.7987012987012987	0.9004739336492891	0.8658008658008658	0.9273504273504274	Q4	alt	0.7987012987012987	0.9004739336492891	0.8658008658008658	0.9273504273504274
chrX	154439076	22	130	152	28	168	196	43	172	215	18	177	195	0.8552631578947368	0.8571428571428571	0.8	0.9076923076923076	Q4	alt	0.8552631578947368	0.8571428571428571	0.8	0.9076923076923077
chrX	154442621	37	171	208	46	199	245	59	185	244	24	176	200	0.8221153846153846	0.8122448979591836	0.7581967213114754	0.88	Q4	alt	0.8221153846153846	0.8122448979591836	0.7581967213114754	0.88
chrX	154488494	7	50	57	13	89	102	11	102	113	6	96	102	0.8771929824561403	0.8725490196078431	0.9026548672566372	0.9411764705882352	Q4	alt	0.8771929824561403	0.8725490196078431	0.9026548672566371	0.9411764705882353
chrX	154776873	64	6	70	59	4	63	49	10	59	32	4	36	0.9142857142857144	0.9365079365079364	0.8305084745762712	0.8888888888888888	Q4	ref	0.9142857142857143	0.9365079365079365	0.8305084745762712	0.8888888888888888
chrX	154791839	18	223	241	13	168	181	18	122	140	6	210	216	0.925311203319502	0.9281767955801103	0.8714285714285714	0.9722222222222222	Q4	alt	0.9253112033195021	0.9281767955801105	0.8714285714285714	0.9722222222222222
