chr	position	ref_allele	alt_allele	ref_count	alt_count	total_count	allele_balance
chr8	213249	T	C	2	8	10	0.8
chr8	244884	C	T	0	1	1	1.0
chr8	245254	C	A	2	0	2	1.0
chr8	431344	C	G	11	4	15	0.7333333333333333
chr8	451140	A	G	4	2	6	0.6666666666666666
chr8	462944	C	T	1	1	2	0.5
chr8	468993	G	C	13	15	28	0.5357142857142857
chr8	491457	C	T	48	41	89	0.5393258426966292
chr8	491776	C	T	25	10	35	0.7142857142857143
chr8	491856	G	C	10	14	24	0.5833333333333334
chr8	492170	T	C	34	27	61	0.5573770491803278
chr8	492755	T	C	6	0	6	1.0
chr8	494485	A	G	6	7	13	0.5384615384615384
chr8	616322	G	A	1	1	2	0.5
chr8	616375	C	T	1	0	1	1.0
chr8	616417	C	T	0	2	2	1.0
chr8	616429	A	C	0	2	2	1.0
chr8	616432	C	G	0	2	2	1.0
chr8	616460	C	G	1	3	4	0.75
chr8	616619	A	G	2	0	2	1.0
chr8	664389	T	C	9	3	12	0.75
chr8	664843	G	C	1	2	3	0.6666666666666666
chr8	668647	T	G	12	16	28	0.5714285714285714
chr8	668728	A	G	13	11	24	0.5416666666666666
chr8	673593	G	A	91	65	156	0.5833333333333334
chr8	673644	G	A	49	61	110	0.5545454545454546
chr8	673748	C	T	47	48	95	0.5052631578947369
chr8	692291	C	T	2	1	3	0.6666666666666666
chr8	692842	G	A	1	0	1	1.0
chr8	715858	C	T	1	0	1	1.0
chr8	2942574	C	T	4	5	9	0.5555555555555556
chr8	2951010	G	C	1	0	1	1.0
chr8	2963223	G	C	9	3	12	0.75
chr8	2966724	G	C	12	4	16	0.75
chr8	2974342	C	T	1	0	1	1.0
chr8	2974461	G	C	9	5	14	0.6428571428571429
chr8	2974464	C	A	9	5	14	0.6428571428571429
chr8	2974617	C	G	9	9	18	0.5
chr8	2974647	T	C	0	1	1	1.0
chr8	2978450	C	T	2	1	3	0.6666666666666666
chr8	2978495	G	A	1	0	1	1.0
chr8	2978580	C	G	1	0	1	1.0
chr8	2997825	G	C	1	1	2	0.5
chr8	2999854	C	T	0	1	1	1.0
chr8	3052553	C	T	9	3	12	0.75
chr8	3106684	T	C	0	1	1	1.0
chr8	3110383	A	G	1	1	2	0.5
chr8	3110384	G	A	1	1	2	0.5
chr8	3110448	G	C	0	1	1	1.0
chr8	3142511	A	G	14	12	26	0.5384615384615384
chr8	3162345	A	G	0	2	2	1.0
chr8	6406418	C	T	4	3	7	0.5714285714285714
chr8	6406426	C	G	4	2	6	0.6666666666666666
chr8	6409436	A	G	0	2	2	1.0
chr8	6414878	G	T	10	9	19	0.5263157894736842
chr8	6442011	A	G	0	1	1	1.0
chr8	6444662	G	C	9	11	20	0.55
chr8	6445150	C	T	11	11	22	0.5
chr8	6445450	C	T	15	12	27	0.5555555555555556
chr8	6473996	C	G	1	1	2	0.5
chr8	6474091	G	A	1	1	2	0.5
chr8	6474237	G	A	2	0	2	1.0
chr8	6480785	C	A	1	3	4	0.75
chr8	6499786	T	C	0	1	1	1.0
chr8	6513593	A	G	1	0	1	1.0
chr8	6513608	C	T	1	0	1	1.0
chr8	6513612	C	T	1	0	1	1.0
chr8	6513955	C	T	2	1	3	0.6666666666666666
chr8	6514512	T	G	1	0	1	1.0
chr8	6514651	T	C	1	0	1	1.0
chr8	6519809	A	T	0	3	3	1.0
chr8	6519912	C	T	7	12	19	0.631578947368421
chr8	6521242	C	T	3	6	9	0.6666666666666666
chr8	8702388	G	A	6	4	10	0.6
chr8	11848168	C	G	0	1	1	1.0
chr8	11853379	G	C	3	2	5	0.6
chr8	11853550	C	T	4	0	4	1.0
chr8	12180398	T	G	1	0	1	1.0
chr8	13499293	G	A	3	1	4	0.75
chr8	13499310	T	G	3	0	3	1.0
chr8	13500078	G	A	1	4	5	0.8
chr8	15650691	T	C	1	4	5	0.8
chr8	15689941	C	T	2	1	3	0.6666666666666666
chr8	15730472	G	C	0	1	1	1.0
chr8	15806828	C	T	1	0	1	1.0
chr8	15806916	C	A	1	1	2	0.5
chr8	16109888	T	C	2	0	2	1.0
chr8	16154930	G	A	0	1	1	1.0
chr8	17077725	G	C	4	0	4	1.0
chr8	17085328	C	T	1	1	2	0.5
chr8	17085340	C	T	1	1	2	0.5
chr8	17105253	T	C	1	1	2	0.5
chr8	17150639	T	C	0	1	1	1.0
chr8	17217131	C	G	1	0	1	1.0
chr8	17230151	C	T	19	20	39	0.5128205128205128
chr8	17266238	A	T	1	0	1	1.0
chr8	17268138	G	A	0	1	1	1.0
chr8	17268259	T	C	22	31	53	0.5849056603773585
chr8	17279955	A	G	0	1	1	1.0
chr8	17284223	A	C	1	0	1	1.0
chr8	17284556	C	T	37	22	59	0.6271186440677966
chr8	17306015	C	G	1	2	3	0.6666666666666666
chr8	17309024	T	A	2	1	3	0.6666666666666666
chr8	17330955	C	T	1	1	2	0.5
chr8	17331402	A	G	1	0	1	1.0
chr8	17349079	G	A	5	0	5	1.0
chr8	17361120	G	A	0	5	5	1.0
chr8	17413328	G	C	0	1	1	1.0
chr8	17538906	G	C	4	2	6	0.6666666666666666
chr8	17538932	A	C	2	3	5	0.6
chr8	17538933	T	C	2	3	5	0.6
chr8	17543321	G	A	57	60	117	0.5128205128205128
chr8	17544369	G	A	1	0	1	1.0
chr8	17544769	C	T	2	0	2	1.0
chr8	17548876	C	T	1	0	1	1.0
chr8	17552059	T	C	1	3	4	0.75
chr8	17558389	C	T	73	64	137	0.5328467153284672
chr8	17561790	A	G	2	1	3	0.6666666666666666
chr8	17563770	T	C	1	0	1	1.0
chr8	17563817	T	C	1	0	1	1.0
chr8	17645992	G	A	53	60	113	0.5309734513274337
chr8	17675064	T	C	5	5	10	0.5
chr8	17675110	C	T	4	5	9	0.5555555555555556
chr8	17676059	A	T	0	5	5	1.0
chr8	17676124	A	G	1	5	6	0.8333333333333334
chr8	17684706	C	T	0	4	4	1.0
chr8	17697045	C	T	1	1	2	0.5
chr8	17697520	G	C	34	31	65	0.5230769230769231
chr8	17715598	G	A	3	1	4	0.75
chr8	17723646	C	T	2	0	2	1.0
chr8	17754555	A	C	22	17	39	0.5641025641025641
chr8	17755130	T	C	23	26	49	0.5306122448979592
chr8	17755366	A	G	13	18	31	0.5806451612903226
chr8	17938650	T	C	1	0	1	1.0
chr8	17938873	A	G	33	34	67	0.5074626865671642
chr8	17938874	C	T	33	34	67	0.5074626865671642
chr8	17939900	A	G	1	0	1	1.0
chr8	17952813	T	C	1	0	1	1.0
chr8	17956578	G	T	3	2	5	0.6
chr8	17957406	A	G	28	25	53	0.5283018867924528
chr8	17960417	A	G	48	49	97	0.5051546391752577
chr8	17962924	G	A	1	2	3	0.6666666666666666
chr8	17965973	A	C	2	0	2	1.0
chr8	17967224	C	T	1	0	1	1.0
chr8	17969489	C	T	0	1	1	1.0
chr8	17969806	A	G	1	0	1	1.0
chr8	17980805	T	A	1	1	2	0.5
chr8	17980848	C	A	1	1	2	0.5
chr8	17989789	T	A	0	1	1	1.0
chr8	17993739	C	A	1	1	2	0.5
chr8	17993767	C	T	1	0	1	1.0
chr8	18027462	G	A	0	1	1	1.0
chr8	18027897	C	G	3	1	4	0.75
chr8	18057410	A	T	68	34	102	0.6666666666666666
chr8	18057617	C	T	111	97	208	0.5336538461538461
chr8	18059044	C	T	1	1	2	0.5
chr8	18061425	A	G	118	94	212	0.5566037735849056
chr8	18061961	A	C	0	3	3	1.0
chr8	18063271	A	G	3	2	5	0.6
chr8	18063274	T	C	3	2	5	0.6
chr8	18064301	G	C	3	2	5	0.6
chr8	18064412	T	C	2	5	7	0.7142857142857143
chr8	18071163	T	C	2	0	2	1.0
chr8	18071180	C	G	2	0	2	1.0
chr8	18088309	A	G	1	0	1	1.0
chr8	18216734	A	T	1	0	1	1.0
chr8	18216752	G	A	1	0	1	1.0
chr8	18600225	G	A	1	0	1	1.0
chr8	18625086	C	T	1	0	1	1.0
chr8	18799295	G	A	8	9	17	0.5294117647058824
chr8	18801368	G	T	10	6	16	0.625
chr8	18867918	A	G	7	6	13	0.5384615384615384
chr8	18872019	C	G	12	8	20	0.6
chr8	19013327	T	G	0	1	1	1.0
chr8	19332980	A	G	27	13	40	0.675
chr8	19333181	A	G	0	1	1	1.0
chr8	19357453	T	C	1	1	2	0.5
chr8	19357457	G	T	1	1	2	0.5
chr8	19357500	T	C	0	1	1	1.0
chr8	19361255	A	G	15	15	30	0.5
chr8	19364189	G	A	26	23	49	0.5306122448979592
chr8	19408927	G	A	3	2	5	0.6
chr8	19820404	G	A	25	16	41	0.6097560975609756
chr8	19939558	C	T	6	1	7	0.8571428571428571
chr8	19948197	G	A	164	10	174	0.9425287356321839
chr8	19956099	T	C	5	0	5	1.0
chr8	19956156	T	G	7	0	7	1.0
chr8	20212955	A	G	1	0	1	1.0
chr8	20216581	C	G	2	1	3	0.6666666666666666
chr8	21782862	C	A	1	2	3	0.6666666666666666
chr8	22069257	A	G	1	1	2	0.5
chr8	22073915	A	G	1	0	1	1.0
chr8	22081472	A	G	8	5	13	0.6153846153846154
chr8	22094715	T	C	21	9	30	0.7
chr8	22096506	C	T	16	17	33	0.5151515151515151
chr8	22097462	G	T	7	12	19	0.631578947368421
chr8	22098434	G	A	27	36	63	0.5714285714285714
chr8	22098635	G	A	1	0	1	1.0
chr8	22100407	A	C	3	4	7	0.5714285714285714
chr8	22102127	A	G	6	6	12	0.5
chr8	22102128	C	T	6	6	12	0.5
chr8	22107291	C	T	1	5	6	0.8333333333333334
chr8	22107602	T	C	0	8	8	1.0
chr8	22108928	C	G	1	0	1	1.0
chr8	22115460	G	T	2	1	3	0.6666666666666666
chr8	22116519	A	C	1	0	1	1.0
chr8	22127137	A	G	3	1	4	0.75
chr8	22139318	G	A	0	3	3	1.0
chr8	22165236	A	G	24	12	36	0.6666666666666666
chr8	22180223	T	C	2	4	6	0.6666666666666666
chr8	22180617	G	A	10	2	12	0.8333333333333334
chr8	22180631	G	C	3	10	13	0.7692307692307693
chr8	22192260	A	T	33	42	75	0.56
chr8	22192267	A	G	34	43	77	0.5584415584415584
chr8	22194018	C	A	10	16	26	0.6153846153846154
chr8	22196675	C	T	117	102	219	0.5342465753424658
chr8	22200893	C	A	82	60	142	0.5774647887323944
chr8	22201074	C	A	37	0	37	1.0
chr8	22201900	C	G	201	172	373	0.5388739946380697
chr8	22202093	G	A	21	12	33	0.6363636363636364
chr8	22202148	G	A	20	15	35	0.5714285714285714
chr8	22207666	A	G	5	4	9	0.5555555555555556
chr8	22209428	C	A	1	1	2	0.5
chr8	22209557	C	T	212	194	406	0.5221674876847291
chr8	22223985	G	C	1	0	1	1.0
chr8	22247178	G	T	2	1	3	0.6666666666666666
chr8	22416316	T	C	1	0	1	1.0
chr8	22441288	C	G	6	5	11	0.5454545454545454
chr8	22475829	A	T	0	1	1	1.0
chr8	22497800	G	A	0	2	2	1.0
chr8	22527702	C	T	2	1	3	0.6666666666666666
chr8	22528315	A	G	0	1	1	1.0
chr8	22531384	C	G	2	2	4	0.5
chr8	22565410	G	A	0	1	1	1.0
chr8	22567082	T	A	24	30	54	0.5555555555555556
chr8	22574864	C	A	36	25	61	0.5901639344262295
chr8	22579168	C	T	14	13	27	0.5185185185185185
chr8	22579628	G	A	2	2	4	0.5
chr8	22580800	T	C	3	6	9	0.6666666666666666
chr8	22584774	A	G	2	2	4	0.5
chr8	22585148	A	G	53	58	111	0.5225225225225225
chr8	22591343	C	T	30	3	33	0.9090909090909091
chr8	22591428	T	C	20	7	27	0.7407407407407407
chr8	22591486	A	G	17	8	25	0.68
chr8	22591727	G	A	1	0	1	1.0
chr8	22593501	C	T	17	14	31	0.5483870967741935
chr8	22593603	A	T	3	7	10	0.7
chr8	22594175	G	C	1	86	87	0.9885057471264368
chr8	22594535	C	T	7	7	14	0.5
chr8	22594600	A	C	14	11	25	0.56
chr8	22594745	G	C	11	7	18	0.6111111111111112
chr8	22594746	A	T	11	7	18	0.6111111111111112
chr8	22599692	T	G	7	10	17	0.5882352941176471
chr8	22599693	T	C	7	10	17	0.5882352941176471
chr8	22599834	C	T	6	2	8	0.75
chr8	22599875	G	A	3	9	12	0.75
chr8	22602016	G	A	35	19	54	0.6481481481481481
chr8	22602691	A	G	4	6	10	0.6
chr8	22603380	G	C	27	38	65	0.5846153846153846
chr8	22606110	C	T	34	45	79	0.569620253164557
chr8	22606551	T	C	0	1	1	1.0
chr8	22606877	T	C	1	2	3	0.6666666666666666
chr8	22607872	T	C	1	0	1	1.0
chr8	22614311	G	A	43	28	71	0.6056338028169014
chr8	22614538	G	T	9	5	14	0.6428571428571429
chr8	22614831	C	T	0	1	1	1.0
chr8	22615195	T	A	5	6	11	0.5454545454545454
chr8	22615645	C	T	1	2	3	0.6666666666666666
chr8	22615711	T	C	46	49	95	0.5157894736842106
chr8	22615768	C	G	40	39	79	0.5063291139240507
chr8	22616007	A	G	4	1	5	0.8
chr8	22616363	G	A	1	2	3	0.6666666666666666
chr8	22618144	T	C	0	3	3	1.0
chr8	22618176	G	A	3	0	3	1.0
chr8	22618341	C	T	5	1	6	0.8333333333333334
chr8	22618760	G	A	3	1	4	0.75
chr8	22619501	C	G	6	5	11	0.5454545454545454
chr8	22619729	G	C	42	32	74	0.5675675675675675
chr8	22644679	T	C	2	2	4	0.5
chr8	22668916	G	A	1	0	1	1.0
chr8	22713331	G	A	0	1	1	1.0
chr8	22713505	A	G	1	2	3	0.6666666666666666
chr8	23005786	C	T	1	1	2	0.5
chr8	23042974	G	A	2	1	3	0.6666666666666666
chr8	23043436	C	T	1	0	1	1.0
chr8	23103040	C	A	23	9	32	0.71875
chr8	23103141	C	T	12	14	26	0.5384615384615384
chr8	23103142	C	T	12	14	26	0.5384615384615384
chr8	23103360	G	C	1	2	3	0.6666666666666666
chr8	23114808	G	A	0	1	1	1.0
chr8	23148663	G	A	3	1	4	0.75
chr8	23163833	G	A	3	3	6	0.5
chr8	23201811	C	G	2	7	9	0.7777777777777778
chr8	23202743	T	C	3	9	12	0.75
chr8	23246682	G	T	15	9	24	0.625
chr8	23247109	A	G	2	1	3	0.6666666666666666
chr8	23249152	A	G	0	4	4	1.0
chr8	23260130	T	C	3	0	3	1.0
chr8	23260642	T	C	17	18	35	0.5142857142857142
chr8	23291417	A	G	9	4	13	0.6923076923076923
chr8	23291427	G	A	9	4	13	0.6923076923076923
chr8	23293158	A	G	1	0	1	1.0
chr8	23293365	T	G	11	2	13	0.8461538461538461
chr8	23293487	A	G	1	0	1	1.0
chr8	23293531	G	A	1	0	1	1.0
chr8	23293534	C	T	1	0	1	1.0
chr8	23294821	A	G	9	1	10	0.9
chr8	23295747	T	G	1	0	1	1.0
chr8	23297824	G	C	28	11	39	0.717948717948718
chr8	23301807	C	T	1	0	1	1.0
chr8	23301861	T	C	1	0	1	1.0
chr8	23333428	T	C	30	27	57	0.5263157894736842
chr8	23368176	C	T	16	24	40	0.6
chr8	23443827	A	C	1	0	1	1.0
chr8	23566156	A	G	54	48	102	0.5294117647058824
chr8	23566184	G	A	53	42	95	0.5578947368421052
chr8	23566245	G	A	72	40	112	0.6428571428571429
chr8	23571816	T	C	22	29	51	0.5686274509803921
chr8	23680913	A	G	0	1	1	1.0
chr8	23682904	C	T	0	2	2	1.0
chr8	24351093	C	T	0	1	1	1.0
chr8	24351421	C	A	2	1	3	0.6666666666666666
chr8	25275219	T	A	2	1	3	0.6666666666666666
chr8	25302369	G	A	52	48	100	0.52
chr8	25336040	G	C	2	0	2	1.0
chr8	25359104	A	T	6	0	6	1.0
chr8	25363377	C	T	0	1	1	1.0
chr8	25367229	T	G	1	2	3	0.6666666666666666
chr8	25368288	C	T	1	1	2	0.5
chr8	25369710	G	T	5	1	6	0.8333333333333334
chr8	25390071	G	T	1	1	2	0.5
chr8	25392029	C	T	0	1	1	1.0
chr8	25392907	A	G	0	1	1	1.0
chr8	25400926	C	T	0	1	1	1.0
chr8	25403765	C	T	0	1	1	1.0
chr8	25408410	C	T	0	1	1	1.0
chr8	25410106	A	G	48	44	92	0.5217391304347826
chr8	25439414	C	T	0	1	1	1.0
chr8	25460308	A	T	1	0	1	1.0
chr8	25506815	G	A	1	1	2	0.5
chr8	25507762	G	A	2	1	3	0.6666666666666666
chr8	26339117	A	T	2	0	2	1.0
chr8	26339219	C	G	1	2	3	0.6666666666666666
chr8	26370083	A	C	1	2	3	0.6666666666666666
chr8	26379890	T	C	4	3	7	0.5714285714285714
chr8	26383121	C	G	45	32	77	0.5844155844155844
chr8	26391470	G	A	2	1	3	0.6666666666666666
chr8	26626858	C	G	1	0	1	1.0
chr8	26627727	C	G	1	0	1	1.0
chr8	26643977	C	G	93	45	138	0.6739130434782609
chr8	26653276	T	C	59	65	124	0.5241935483870968
chr8	27435818	G	T	0	1	1	1.0
chr8	27437478	A	G	12	15	27	0.5555555555555556
chr8	27440108	G	C	2	2	4	0.5
chr8	27467305	T	C	0	1	1	1.0
chr8	27511817	A	G	1	0	1	1.0
chr8	27604964	A	G	41	31	72	0.5694444444444444
chr8	27649857	C	T	2	0	2	1.0
chr8	27651636	G	A	2	2	4	0.5
chr8	27656631	G	A	0	1	1	1.0
chr8	27671543	T	C	17	22	39	0.5641025641025641
chr8	27736064	A	T	5	3	8	0.625
chr8	27772635	G	A	0	1	1	1.0
chr8	27828158	C	T	3	6	9	0.6666666666666666
chr8	27879663	G	A	7	1	8	0.875
chr8	28093153	C	T	1	1	2	0.5
chr8	28099796	A	G	0	1	1	1.0
chr8	28100039	G	A	2	0	2	1.0
chr8	28110339	A	G	0	2	2	1.0
chr8	28156062	A	C	0	1	1	1.0
chr8	28349958	G	A	0	1	1	1.0
chr8	28350296	C	T	3	2	5	0.6
chr8	28527195	A	G	7	3	10	0.7
chr8	28717286	G	A	34	40	74	0.5405405405405406
chr8	28743055	G	C	1	2	3	0.6666666666666666
chr8	28780706	C	T	0	1	1	1.0
chr8	28781060	C	T	1	0	1	1.0
chr8	28787754	C	T	2	0	2	1.0
chr8	29075408	G	A	2	2	4	0.5
chr8	29109353	C	T	1	1	2	0.5
chr8	29110162	C	T	0	1	1	1.0
chr8	29126525	T	C	1	0	1	1.0
chr8	29140333	A	G	1	0	1	1.0
chr8	29190803	C	T	1	1	2	0.5
chr8	29190960	C	T	0	1	1	1.0
chr8	29337930	A	G	5	1	6	0.8333333333333334
chr8	29340155	A	G	63	42	105	0.6
chr8	30064043	A	G	3	3	6	0.5
chr8	30065834	A	G	2	0	2	1.0
chr8	30066216	G	A	0	1	1	1.0
chr8	30069413	T	A	0	4	4	1.0
chr8	30069419	C	T	0	4	4	1.0
chr8	30095740	C	T	2	1	3	0.6666666666666666
chr8	30131883	G	A	1	0	1	1.0
chr8	30385231	G	C	2	3	5	0.6
chr8	30579262	C	T	0	2	2	1.0
chr8	30607275	T	A	1	0	1	1.0
chr8	30696489	G	A	3	0	3	1.0
chr8	30727870	G	A	4	2	6	0.6666666666666666
chr8	31080772	G	C	0	1	1	1.0
chr8	31120180	A	G	2	0	2	1.0
chr8	31141912	T	C	1	1	2	0.5
chr8	31167122	C	T	6	5	11	0.5454545454545454
chr8	31167138	T	C	5	7	12	0.5833333333333334
chr8	33389020	A	G	8	11	19	0.5789473684210527
chr8	33389073	G	C	10	13	23	0.5652173913043478
chr8	33389167	G	A	9	8	17	0.5294117647058824
chr8	33436311	T	C	2	0	2	1.0
chr8	33436749	C	T	1	0	1	1.0
chr8	33436862	T	C	2	0	2	1.0
chr8	33484977	T	A	2	2	4	0.5
chr8	33490586	G	A	1	0	1	1.0
chr8	33498556	A	G	15	17	32	0.53125
chr8	33500644	A	T	7	11	18	0.6111111111111112
chr8	33512426	T	C	5	5	10	0.5
chr8	33512476	A	G	8	4	12	0.6666666666666666
chr8	33558671	G	A	1	1	2	0.5
chr8	33558704	C	T	1	2	3	0.6666666666666666
chr8	37830625	A	C	1	0	1	1.0
chr8	37830630	A	C	1	0	1	1.0
chr8	37830631	T	C	1	0	1	1.0
chr8	37835784	T	C	0	2	2	1.0
chr8	37872938	G	T	12	12	24	0.5
chr8	37877055	C	T	1	1	2	0.5
chr8	38105721	C	T	13	18	31	0.5806451612903226
chr8	38110998	G	A	1	1	2	0.5
chr8	38116976	C	G	1	0	1	1.0
chr8	38119110	T	G	1	4	5	0.8
chr8	38128379	A	G	32	22	54	0.5925925925925926
chr8	38138809	G	A	1	1	2	0.5
chr8	38176471	G	C	11	8	19	0.5789473684210527
chr8	38176766	T	C	3	3	6	0.5
chr8	38210806	C	T	18	12	30	0.6
chr8	38238144	C	T	10	12	22	0.5454545454545454
chr8	38245721	T	A	1	1	2	0.5
chr8	38252697	T	C	1	0	1	1.0
chr8	38252763	A	C	17	15	32	0.53125
chr8	38263203	T	C	2	3	5	0.6
chr8	38268841	G	C	8	9	17	0.5294117647058824
chr8	38276094	C	T	1	0	1	1.0
chr8	38276275	G	A	0	1	1	1.0
chr8	38296053	A	T	1	0	1	1.0
chr8	38318669	T	G	1	0	1	1.0
chr8	38415024	C	G	0	1	1	1.0
chr8	38415064	C	A	0	1	1	1.0
chr8	38424776	C	T	0	1	1	1.0
chr8	38430037	C	T	2	4	6	0.6666666666666666
chr8	38434629	A	C	2	1	3	0.6666666666666666
chr8	38787396	A	G	23	34	57	0.5964912280701754
chr8	38840131	T	C	1	1	2	0.5
chr8	38946033	T	C	2	0	2	1.0
chr8	38951234	G	A	1	1	2	0.5
chr8	38951239	C	T	1	1	2	0.5
chr8	38953189	A	G	0	1	1	1.0
chr8	38975322	C	A	8	3	11	0.7272727272727273
chr8	38977750	T	C	3	8	11	0.7272727272727273
chr8	38977827	A	G	11	4	15	0.7333333333333333
chr8	38982781	T	C	11	8	19	0.5789473684210527
chr8	38983072	C	T	5	3	8	0.625
chr8	38988119	A	C	53	11	64	0.828125
chr8	38988197	A	G	54	40	94	0.574468085106383
chr8	38993685	A	C	0	1	1	1.0
chr8	38996101	G	A	2	2	4	0.5
chr8	38996464	C	A	10	16	26	0.6153846153846154
chr8	38996522	C	T	1	0	1	1.0
chr8	39013806	T	G	0	1	1	1.0
chr8	39018947	T	C	2	1	3	0.6666666666666666
chr8	39018949	C	T	2	1	3	0.6666666666666666
chr8	39021441	G	A	2	2	4	0.5
chr8	39042253	G	A	2	4	6	0.6666666666666666
chr8	39077064	C	T	0	2	2	1.0
chr8	39934938	A	T	10	5	15	0.6666666666666666
chr8	39935395	G	A	0	1	1	1.0
chr8	39949426	A	G	0	1	1	1.0
chr8	39982715	A	G	5	7	12	0.5833333333333334
chr8	39985776	A	C	2	1	3	0.6666666666666666
chr8	39987746	C	T	4	5	9	0.5555555555555556
chr8	40005362	C	T	3	1	4	0.75
chr8	40015785	G	A	12	5	17	0.7058823529411765
chr8	41309004	G	A	21	18	39	0.5384615384615384
chr8	41497577	C	T	36	28	64	0.5625
chr8	41506223	G	C	1	1	2	0.5
chr8	41530402	C	T	0	1	1	1.0
chr8	41932020	G	C	4	6	10	0.6
chr8	41937416	C	T	21	30	51	0.5882352941176471
chr8	41940684	G	T	0	1	1	1.0
chr8	41947655	A	C	1	3	4	0.75
chr8	41947731	C	T	1	0	1	1.0
chr8	42158324	C	G	0	1	1	1.0
chr8	42165379	C	T	0	1	1	1.0
chr8	42175827	G	A	3	2	5	0.6
chr8	42271987	A	T	0	2	2	1.0
chr8	42319975	G	A	7	2	9	0.7777777777777778
chr8	42320613	G	C	1	5	6	0.8333333333333334
chr8	47737815	G	C	53	74	127	0.5826771653543307
chr8	47789225	A	T	23	28	51	0.5490196078431373
chr8	47859421	A	G	2	2	4	0.5
chr8	47885800	G	A	1	1	2	0.5
chr8	51808886	G	T	1	0	1	1.0
chr8	51809398	T	C	0	1	1	1.0
chr8	51820490	T	A	37	45	82	0.5487804878048781
chr8	51833593	C	T	19	31	50	0.62
chr8	51845953	A	G	1	0	1	1.0
chr8	52113533	C	T	1	0	1	1.0
chr8	52624756	A	G	18	12	30	0.6
chr8	52642509	A	G	20	20	40	0.5
chr8	52674146	A	G	25	16	41	0.6097560975609756
chr8	52674186	C	T	29	16	45	0.6444444444444445
chr8	53229264	C	T	6	0	6	1.0
chr8	53229597	T	C	5	2	7	0.7142857142857143
chr8	53953931	C	A	0	1	1	1.0
chr8	54629057	A	G	1	0	1	1.0
chr8	55773803	C	T	1	1	2	0.5
chr8	55950880	G	A	2	1	3	0.6666666666666666
chr8	55966554	C	G	6	5	11	0.5454545454545454
chr8	55969624	A	G	2	2	4	0.5
chr8	55969912	A	G	3	11	14	0.7857142857142857
chr8	58808045	G	A	1	0	1	1.0
chr8	58960056	T	G	1	0	1	1.0
chr8	60222410	T	C	2	0	2	1.0
chr8	60865679	G	A	3	8	11	0.7272727272727273
chr8	60938907	T	C	1	0	1	1.0
chr8	61202652	G	C	2	0	2	1.0
chr8	65745318	C	A	2	1	3	0.6666666666666666
chr8	67058008	A	G	1	0	1	1.0
chr8	67061749	C	A	0	4	4	1.0
chr8	67153929	T	A	0	1	1	1.0
chr8	67267489	T	C	1	1	2	0.5
chr8	67952292	G	A	8	7	15	0.5333333333333333
chr8	67952493	G	A	10	8	18	0.5555555555555556
chr8	68060917	A	C	1	0	1	1.0
chr8	68224636	T	A	0	1	1	1.0
chr8	68231354	A	G	5	12	17	0.7058823529411765
chr8	70121234	C	G	0	1	1	1.0
chr8	70138137	C	A	1	2	3	0.6666666666666666
chr8	70155948	C	T	0	4	4	1.0
chr8	70170483	A	G	2	0	2	1.0
chr8	70273592	C	T	6	1	7	0.8571428571428571
chr8	70594399	G	C	0	2	2	1.0
chr8	70600142	C	T	3	1	4	0.75
chr8	70657999	G	A	1	0	1	1.0
chr8	70681190	G	A	0	1	1	1.0
chr8	73069926	A	G	12	4	16	0.75
chr8	73292418	A	T	1	0	1	1.0
chr8	73297511	T	C	2	1	3	0.6666666666666666
chr8	73422696	A	C	2	1	3	0.6666666666666666
chr8	73551844	G	A	3	2	5	0.6
chr8	73615761	C	T	19	13	32	0.59375
chr8	73651778	C	A	1	0	1	1.0
chr8	73955692	C	G	1	2	3	0.6666666666666666
chr8	73981217	A	G	13	12	25	0.52
chr8	73981586	A	G	2	5	7	0.7142857142857143
chr8	73981615	C	G	3	4	7	0.5714285714285714
chr8	73981645	C	T	3	3	6	0.5
chr8	73982392	G	A	2	1	3	0.6666666666666666
chr8	73982406	G	A	2	2	4	0.5
chr8	76856154	T	G	1	0	1	1.0
chr8	76984236	C	A	0	1	1	1.0
chr8	78723629	G	A	0	1	1	1.0
chr8	78761717	T	C	1	0	1	1.0
chr8	80301435	G	T	1	0	1	1.0
chr8	80980531	G	A	1	0	1	1.0
chr8	80985200	A	G	23	17	40	0.575
chr8	80993079	A	C	1	0	1	1.0
chr8	80993162	A	G	21	13	34	0.6176470588235294
chr8	80993298	G	A	18	23	41	0.5609756097560976
chr8	81526986	A	G	0	1	1	1.0
chr8	81659199	C	A	0	1	1	1.0
chr8	81686076	C	A	0	1	1	1.0
chr8	81717500	G	A	0	1	1	1.0
chr8	81721217	C	G	1	0	1	1.0
chr8	81815334	T	C	0	1	1	1.0
chr8	85109759	G	A	0	1	1	1.0
chr8	85477174	T	C	7	10	17	0.5882352941176471
chr8	86380939	A	G	1	1	2	0.5
chr8	86461088	T	C	0	5	5	1.0
chr8	86462047	C	G	1	0	1	1.0
chr8	86472353	G	C	3	4	7	0.5714285714285714
chr8	86472684	G	A	4	4	8	0.5
chr8	86477167	T	C	0	2	2	1.0
chr8	86481826	A	G	0	1	1	1.0
chr8	86507086	T	G	13	5	18	0.7222222222222222
chr8	86528644	G	A	11	18	29	0.6206896551724138
chr8	86532604	A	G	1	0	1	1.0
chr8	86554965	C	T	22	20	42	0.5238095238095238
chr8	86556416	T	G	2	0	2	1.0
chr8	86558437	A	C	30	27	57	0.5263157894736842
chr8	86558500	C	T	22	16	38	0.5789473684210527
chr8	89758381	A	G	6	1	7	0.8571428571428571
chr8	89758441	A	T	5	4	9	0.5555555555555556
chr8	89765282	G	A	1	0	1	1.0
chr8	89784294	C	T	1	1	2	0.5
chr8	89789871	A	G	0	1	1	1.0
chr8	89943025	T	G	1	0	1	1.0
chr8	89946194	T	C	8	9	17	0.5294117647058824
chr8	89958634	G	T	1	0	1	1.0
chr8	89970197	C	T	0	1	1	1.0
chr8	89970328	C	T	1	0	1	1.0
chr8	89978251	C	G	11	18	29	0.6206896551724138
chr8	89982791	C	T	7	9	16	0.5625
chr8	90006279	T	A	2	1	3	0.6666666666666666
chr8	91070525	C	T	0	1	1	1.0
chr8	91071196	A	G	12	19	31	0.6129032258064516
chr8	91083781	C	G	0	1	1	1.0
chr8	91124791	A	G	0	1	1	1.0
chr8	91127026	T	C	1	0	1	1.0
chr8	91340659	C	T	3	0	3	1.0
chr8	93734470	G	T	22	17	39	0.5641025641025641
chr8	94250592	G	C	0	1	1	1.0
chr8	94407470	A	G	1	1	2	0.5
chr8	94467452	G	C	3	0	3	1.0
chr8	94490326	T	G	1	1	2	0.5
chr8	94496493	C	T	0	1	1	1.0
chr8	94510810	A	G	1	0	1	1.0
chr8	94511005	G	T	4	0	4	1.0
chr8	94515089	C	T	1	1	2	0.5
chr8	94519191	T	C	14	19	33	0.5757575757575758
chr8	94526240	T	C	25	16	41	0.6097560975609756
chr8	94529074	A	G	11	18	29	0.6206896551724138
chr8	94536898	G	A	0	2	2	1.0
chr8	94538246	T	C	0	2	2	1.0
chr8	94881687	T	C	7	7	14	0.5
chr8	96231492	G	A	2	0	2	1.0
chr8	96235241	A	G	1	0	1	1.0
chr8	96251190	C	T	2	0	2	1.0
chr8	96494117	C	T	22	10	32	0.6875
chr8	96494417	C	T	1	0	1	1.0
chr8	96602433	T	A	24	15	39	0.6153846153846154
chr8	97066359	T	C	0	2	2	1.0
chr8	97713742	G	A	9	15	24	0.625
chr8	97941784	T	C	20	20	40	0.5
chr8	97941880	G	T	13	16	29	0.5517241379310345
chr8	97978995	A	G	21	15	36	0.5833333333333334
chr8	97979053	C	T	1	1	2	0.5
chr8	97994559	C	T	27	14	41	0.6585365853658537
chr8	97994796	C	T	0	1	1	1.0
chr8	98003954	G	A	0	1	1	1.0
chr8	98018052	T	C	18	15	33	0.5454545454545454
chr8	98088911	G	T	1	0	1	1.0
chr8	98093498	T	C	0	2	2	1.0
chr8	98106394	A	C	0	1	1	1.0
chr8	98134377	A	C	0	2	2	1.0
chr8	100551453	C	T	2	0	2	1.0
chr8	100551555	C	T	0	1	1	1.0
chr8	100551580	C	T	1	0	1	1.0
chr8	100920815	C	A	3	0	3	1.0
chr8	100925146	A	G	1	3	4	0.75
chr8	101492746	C	G	45	60	105	0.5714285714285714
chr8	101543073	A	G	1	0	1	1.0
chr8	101573578	G	A	2	0	2	1.0
chr8	101574121	A	G	4	4	8	0.5
chr8	101577711	C	T	3	0	3	1.0
chr8	101636689	A	C	1	0	1	1.0
chr8	101666570	C	T	4	4	8	0.5
chr8	101666744	G	A	25	33	58	0.5689655172413793
chr8	101872131	T	C	1	0	1	1.0
chr8	102261778	G	T	0	5	5	1.0
chr8	102649991	G	A	50	87	137	0.635036496350365
chr8	102651586	G	A	117	87	204	0.5735294117647058
chr8	102651684	T	G	90	95	185	0.5135135135135135
chr8	102836175	A	G	3	3	6	0.5
chr8	103055649	G	A	4	0	4	1.0
chr8	103055681	C	T	4	2	6	0.6666666666666666
chr8	103068857	G	C	26	33	59	0.559322033898305
chr8	103300113	A	G	9	13	22	0.5909090909090909
chr8	103324868	A	G	13	11	24	0.5416666666666666
chr8	103325139	A	C	8	14	22	0.6363636363636364
chr8	103328491	T	C	0	1	1	1.0
chr8	103331134	G	A	0	2	2	1.0
chr8	103331379	C	A	19	10	29	0.6551724137931034
chr8	103331458	G	A	6	14	20	0.7
chr8	103377996	T	A	1	0	1	1.0
chr8	103382516	T	C	20	24	44	0.5454545454545454
chr8	103400707	C	T	4	0	4	1.0
chr8	103404557	C	T	1	1	2	0.5
chr8	103404605	A	C	0	1	1	1.0
chr8	103414682	T	C	7	0	7	1.0
chr8	103415131	A	C	4	5	9	0.5555555555555556
chr8	103420317	A	G	23	20	43	0.5348837209302325
chr8	103426940	G	A	1	0	1	1.0
chr8	103430438	G	A	1	0	1	1.0
chr8	103432781	T	G	1	0	1	1.0
chr8	103435961	A	G	1	1	2	0.5
chr8	105517638	G	A	1	1	2	0.5
chr8	105634455	A	T	1	0	1	1.0
chr8	105801290	C	G	5	8	13	0.6153846153846154
chr8	105801444	A	G	3	5	8	0.625
chr8	105801858	T	C	2	1	3	0.6666666666666666
chr8	105802467	C	G	4	3	7	0.5714285714285714
chr8	105803058	T	C	3	2	5	0.6
chr8	105803289	C	T	6	3	9	0.6666666666666666
chr8	105803628	C	G	0	2	2	1.0
chr8	106657913	G	A	5	7	12	0.5833333333333334
chr8	106697617	C	A	31	1	32	0.96875
chr8	106697816	T	A	2	5	7	0.7142857142857143
chr8	106707293	T	C	1	3	4	0.75
chr8	106742245	G	A	19	15	34	0.5588235294117647
chr8	106745657	G	A	1	0	1	1.0
chr8	107303049	T	G	1	0	1	1.0
chr8	107958139	A	G	1	2	3	0.6666666666666666
chr8	108202871	C	A	1	0	1	1.0
chr8	108203139	T	C	0	1	1	1.0
chr8	108203681	T	C	3	0	3	1.0
chr8	108228466	T	A	0	1	1	1.0
chr8	108228593	G	A	0	1	1	1.0
chr8	108241774	T	C	1	0	1	1.0
chr8	108242033	C	T	1	1	2	0.5
chr8	108248547	A	G	3	7	10	0.7
chr8	109289769	T	C	15	13	28	0.5357142857142857
chr8	109289818	T	G	17	11	28	0.6071428571428571
chr8	109452831	G	C	0	1	1	1.0
chr8	109643108	T	C	0	1	1	1.0
chr8	117152910	A	G	1	3	4	0.75
chr8	117157479	G	A	2	0	2	1.0
chr8	117171312	G	A	0	1	1	1.0
chr8	117171348	A	G	0	1	1	1.0
chr8	117171419	C	A	0	1	1	1.0
chr8	117172544	C	T	0	3	3	1.0
chr8	117172786	G	A	1	2	3	0.6666666666666666
chr8	117172802	C	T	1	1	2	0.5
chr8	117172824	C	G	1	1	2	0.5
chr8	117807339	C	T	22	20	42	0.5238095238095238
chr8	117830505	C	A	0	2	2	1.0
chr8	119067654	G	A	1	0	1	1.0
chr8	119562944	G	A	62	56	118	0.5254237288135594
chr8	119928412	C	T	4	1	5	0.8
chr8	120049640	G	A	2	5	7	0.7142857142857143
chr8	120049838	A	G	3	5	8	0.625
chr8	120168428	C	T	0	1	1	1.0
chr8	120197830	T	C	36	79	115	0.6869565217391305
chr8	120203752	T	C	39	87	126	0.6904761904761905
chr8	120216440	A	C	44	68	112	0.6071428571428571
chr8	120231827	C	T	0	1	1	1.0
chr8	120231850	G	T	0	1	1	1.0
chr8	120342612	G	A	1	0	1	1.0
chr8	120395956	T	C	8	8	16	0.5
chr8	120470779	C	G	0	1	1	1.0
chr8	120517950	A	G	1	4	5	0.8
chr8	122836457	T	A	0	1	1	1.0
chr8	122952191	G	A	6	10	16	0.625
chr8	122952713	C	T	6	5	11	0.5454545454545454
chr8	123126615	G	A	0	1	1	1.0
chr8	123126651	G	A	0	3	3	1.0
chr8	123128394	T	C	1	3	4	0.75
chr8	123130249	T	C	1	2	3	0.6666666666666666
chr8	123651873	T	A	0	1	1	1.0
chr8	123805513	C	A	2	0	2	1.0
chr8	124010665	C	T	1	0	1	1.0
chr8	124023548	G	C	0	1	1	1.0
chr8	125018567	T	C	1	0	1	1.0
chr8	125032195	G	A	2	0	2	1.0
chr8	125073121	T	C	1	3	4	0.75
chr8	125431106	C	T	10	12	22	0.5454545454545454
chr8	125436603	C	T	13	14	27	0.5185185185185185
chr8	127415816	A	G	0	1	1	1.0
chr8	127416550	G	A	1	0	1	1.0
chr8	127416578	G	C	1	0	1	1.0
chr8	127738294	A	G	32	18	50	0.64
chr8	130054602	C	G	42	33	75	0.56
chr8	130054682	C	A	42	38	80	0.525
chr8	130112313	T	C	47	57	104	0.5480769230769231
chr8	130115585	T	C	0	1	1	1.0
chr8	130118348	C	T	2	1	3	0.6666666666666666
chr8	130124305	G	A	0	1	1	1.0
chr8	130126329	A	C	6	4	10	0.6
chr8	130152840	A	T	3	0	3	1.0
chr8	130187426	T	G	3	4	7	0.5714285714285714
chr8	130214406	G	A	3	5	8	0.625
chr8	130214773	G	A	0	1	1	1.0
chr8	130361641	C	G	2	7	9	0.7777777777777778
chr8	131904212	T	C	18	20	38	0.5263157894736842
chr8	131944558	A	C	1	0	1	1.0
chr8	131946258	G	A	1	0	1	1.0
chr8	131968040	A	G	1	0	1	1.0
chr8	131970577	A	G	35	20	55	0.6363636363636364
chr8	131987689	A	G	15	20	35	0.5714285714285714
chr8	132041062	T	C	1	0	1	1.0
chr8	132041071	T	C	1	0	1	1.0
chr8	133227527	T	C	0	1	1	1.0
chr8	133244611	T	A	0	12	12	1.0
chr8	133246468	A	G	3	5	8	0.625
chr8	133247607	T	C	2	1	3	0.6666666666666666
chr8	133248574	T	C	2	4	6	0.6666666666666666
chr8	133248822	T	G	5	13	18	0.7222222222222222
chr8	133250289	T	C	9	16	25	0.64
chr8	133254342	A	G	2	8	10	0.8
chr8	133254410	G	A	3	9	12	0.75
chr8	133254727	C	G	15	15	30	0.5
chr8	133258305	T	C	5	6	11	0.5454545454545454
chr8	133259263	G	A	9	10	19	0.5263157894736842
chr8	133280273	A	G	8	12	20	0.6
chr8	134512695	T	C	12	0	12	1.0
chr8	134588562	T	G	0	26	26	1.0
chr8	134602729	A	G	355	11	366	0.9699453551912568
chr8	134637828	G	A	0	4	4	1.0
chr8	138685235	T	C	0	1	1	1.0
chr8	140283669	C	A	1	0	1	1.0
chr8	140300387	A	G	1	1	2	0.5
chr8	140300545	G	A	40	31	71	0.5633802816901409
chr8	140438753	T	C	0	1	1	1.0
chr8	140531782	C	T	37	18	55	0.6727272727272727
chr8	140531789	C	T	37	19	56	0.6607142857142857
chr8	140547781	G	A	2	3	5	0.6
chr8	140549026	A	G	2	0	2	1.0
chr8	140549259	G	A	25	19	44	0.5681818181818182
chr8	140555793	A	C	2	6	8	0.75
chr8	140556212	C	T	51	42	93	0.5483870967741935
chr8	140669718	T	C	2	4	6	0.6666666666666666
chr8	140675407	T	C	0	1	1	1.0
chr8	140675542	C	A	1	0	1	1.0
chr8	140675675	A	G	1	3	4	0.75
chr8	140830339	C	T	1	0	1	1.0
chr8	141128761	C	G	4	4	8	0.5
chr8	141141056	G	A	0	1	1	1.0
chr8	141144192	G	A	5	4	9	0.5555555555555556
chr8	141150933	A	C	5	5	10	0.5
chr8	141151774	C	T	9	3	12	0.75
chr8	141151789	G	A	8	4	12	0.6666666666666666
chr8	141151858	C	T	1	0	1	1.0
chr8	141166181	G	A	0	2	2	1.0
chr8	141168619	C	T	1	0	1	1.0
chr8	141175481	G	A	1	0	1	1.0
chr8	141175619	T	C	4	0	4	1.0
chr8	141176864	G	A	1	4	5	0.8
chr8	141177940	C	T	1	2	3	0.6666666666666666
chr8	141180933	T	G	2	1	3	0.6666666666666666
chr8	141190368	G	A	12	2	14	0.8571428571428571
chr8	141190632	C	T	1	0	1	1.0
chr8	141192757	C	T	4	1	5	0.8
chr8	141192785	T	C	3	1	4	0.75
chr8	141194227	C	G	8	3	11	0.7272727272727273
chr8	141211262	C	G	41	20	61	0.6721311475409836
chr8	141211315	G	A	41	24	65	0.6307692307692307
chr8	141211775	A	G	3	2	5	0.6
chr8	141212162	A	G	4	1	5	0.8
chr8	141212275	A	G	42	24	66	0.6363636363636364
chr8	141212346	T	C	21	22	43	0.5116279069767442
chr8	141216009	C	T	2	3	5	0.6
chr8	141217755	T	A	0	3	3	1.0
chr8	141218710	T	C	27	14	41	0.6585365853658537
chr8	141218810	G	A	37	19	56	0.6607142857142857
chr8	141219046	A	G	0	3	3	1.0
chr8	141219079	G	A	0	2	2	1.0
chr8	141219444	A	G	0	1	1	1.0
chr8	141219792	A	G	11	14	25	0.56
chr8	141219847	G	A	4	8	12	0.6666666666666666
chr8	141221405	A	G	1	0	1	1.0
chr8	141221845	G	A	1	3	4	0.75
chr8	141221846	C	G	1	3	4	0.75
chr8	141221903	G	A	3	1	4	0.75
chr8	142665573	C	G	8	5	13	0.6153846153846154
chr8	143381097	C	T	0	2	2	1.0
chr8	143867251	C	T	8	5	13	0.6153846153846154
chr8	143916711	G	A	111	108	219	0.5068493150684932
chr8	143921759	C	T	120	92	212	0.5660377358490566
chr8	143935188	G	A	13	4	17	0.7647058823529411
chr8	143935703	G	A	13	10	23	0.5652173913043478
chr8	143953835	G	A	20	14	34	0.5882352941176471
chr8	143973542	G	A	1	1	2	0.5
chr8	144097007	T	C	3	0	3	1.0
chr8	144168723	G	A	3	4	7	0.5714285714285714
chr8	144180375	G	T	0	3	3	1.0
chr8	144190728	T	C	1	0	1	1.0
chr8	144192013	C	T	2	1	3	0.6666666666666666
chr8	144192301	C	T	1	1	2	0.5
chr8	144213106	C	T	6	6	12	0.5
chr8	144213182	G	A	7	3	10	0.7
chr8	144242318	G	A	1	1	2	0.5
chr8	144242909	A	G	4	0	4	1.0
chr8	144244288	C	T	15	18	33	0.5454545454545454
chr8	144244714	T	C	1	0	1	1.0
chr8	144247668	A	G	22	21	43	0.5116279069767442
chr8	144247874	G	A	3	3	6	0.5
chr8	144247936	A	G	3	1	4	0.75
chr8	144247976	T	C	2	0	2	1.0
chr8	144249133	C	T	1	0	1	1.0
chr8	144249134	T	C	1	0	1	1.0
chr8	144254528	C	T	7	6	13	0.5384615384615384
chr8	144254546	C	T	5	6	11	0.5454545454545454
chr8	144254565	G	C	4	3	7	0.5714285714285714
chr8	144254765	C	T	6	10	16	0.625
chr8	144259597	A	T	1	0	1	1.0
chr8	144259744	C	T	0	1	1	1.0
chr8	144260823	C	T	14	12	26	0.5384615384615384
chr8	144261505	A	G	1	0	1	1.0
chr8	144263177	G	A	4	9	13	0.6923076923076923
chr8	144517991	C	T	1	0	1	1.0
chr8	144522244	T	C	5	5	10	0.5
chr8	144531053	G	C	0	1	1	1.0
chr8	144534292	C	T	1	0	1	1.0
chr8	144773805	G	A	1	3	4	0.75
chr8	144843416	A	G	2	0	2	1.0
chr8	144846386	G	C	1	1	2	0.5
