chr	position	ref_count_Q1	alt_count_Q1	total_count_Q1	ref_count_Q2	alt_count_Q2	total_count_Q2	ref_count_Q3	alt_count_Q3	total_count_Q3	ref_count_Q4	alt_count_Q4	total_count_Q4	allele_balance_Q1	allele_balance_Q2	allele_balance_Q3	allele_balance_Q4
chrX	284193	10	20	30	17	30	47	10	19	29	29	21	50	0.6666666666666666	0.6382978723404256	0.6551724137931034	0.58
chrX	315246	20	16	36	27	13	40	34	15	49	37	23	60	0.5555555555555556	0.675	0.6938775510204082	0.6166666666666667
chrX	315276	17	16	33	28	12	40	36	13	49	32	28	60	0.5151515151515151	0.7	0.7346938775510204	0.5333333333333333
chrX	1303975	131	94	225	172	92	264	205	93	298	147	108	255	0.5822222222222222	0.6515151515151515	0.6879194630872483	0.5764705882352941
chrX	1389690	186	124	310	189	174	363	299	269	568	326	283	609	0.6	0.5206611570247934	0.5264084507042254	0.535303776683087
chrX	1427837	6	14	20	22	6	28	25	10	35	21	20	41	0.7	0.7857142857142857	0.7142857142857143	0.5121951219512195
chrX	1435756	11	16	27	16	9	25	21	10	31	21	26	47	0.5925925925925926	0.64	0.6774193548387096	0.5531914893617021
chrX	1439135	16	17	33	17	9	26	21	9	30	23	27	50	0.5151515151515151	0.6538461538461539	0.7	0.54
chrX	2221145	14	13	27	12	35	47	14	21	35	31	38	69	0.5185185185185185	0.7446808510638298	0.6	0.5507246376811594
chrX	2243088	11	16	27	47	21	68	28	10	38	33	29	62	0.5925925925925926	0.6911764705882353	0.7368421052631579	0.532258064516129
chrX	2488489	41	23	64	32	42	74	11	35	46	53	32	85	0.640625	0.5675675675675675	0.7608695652173914	0.6235294117647059
chrX	2714441	10	37	47	97	29	126	94	39	133	87	120	207	0.7872340425531915	0.7698412698412699	0.706766917293233	0.5797101449275363
chrX	2738217	24	53	77	100	18	118	110	49	159	110	116	226	0.6883116883116883	0.847457627118644	0.6918238993710691	0.5132743362831859
chrX	2738220	57	17	74	22	89	111	57	96	153	142	97	239	0.7702702702702703	0.8018018018018018	0.6274509803921569	0.5941422594142259
chrX	2738242	68	17	85	27	101	128	67	105	172	168	118	286	0.8	0.7890625	0.6104651162790697	0.5874125874125874
chrX	2915620	55	1	56	2	32	34	2	37	39	71	2	73	0.9821428571428571	0.9411764705882353	0.9487179487179487	0.9726027397260274
chrX	2917996	1	30	31	39	0	39	41	5	46	5	51	56	0.967741935483871	1.0	0.8913043478260869	0.9107142857142857
chrX	7077376	57	50	107	47	67	114	56	64	120	73	66	139	0.5327102803738317	0.5877192982456141	0.5333333333333333	0.5251798561151079
chrX	7077397	59	47	106	41	70	111	59	65	124	73	73	146	0.5566037735849056	0.6306306306306306	0.5241935483870968	0.5
chrX	7105637	68	60	128	50	65	115	74	57	131	80	74	154	0.53125	0.5652173913043478	0.5648854961832062	0.5194805194805194
chrX	10117542	55	1	56	3	160	163	13	89	102	159	18	177	0.9821428571428571	0.9815950920245399	0.8725490196078431	0.8983050847457628
chrX	15384931	0	16	16	18	0	18	59	0	59	2	28	30	1.0	1.0	1.0	0.9333333333333333
chrX	15397461	0	23	23	10	1	11	27	1	28	0	27	27	1.0	0.9090909090909091	0.9642857142857143	1.0
chrX	20010875	1	20	21	17	0	17	31	0	31	3	35	38	0.9523809523809523	1.0	1.0	0.9210526315789473
chrX	20052928	1	39	40	18	1	19	44	1	45	5	44	49	0.975	0.9473684210526315	0.9777777777777777	0.8979591836734694
chrX	23704718	1	21	22	9	4	13	6	7	13	6	16	22	0.9545454545454546	0.6923076923076923	0.5384615384615384	0.7272727272727273
chrX	23783194	1	137	138	328	4	332	521	2	523	15	395	410	0.9927536231884058	0.9879518072289156	0.9961759082217974	0.9634146341463414
chrX	23840335	10	1	11	1	13	14	5	17	22	24	0	24	0.9090909090909091	0.9285714285714286	0.7727272727272727	1.0
chrX	24055644	69	132	201	175	46	221	204	63	267	104	178	282	0.6567164179104478	0.7918552036199095	0.7640449438202247	0.6312056737588653
chrX	24057745	144	44	188	65	81	146	85	88	173	160	80	240	0.7659574468085106	0.5547945205479452	0.5086705202312138	0.6666666666666666
chrX	38108615	10	0	10	2	10	12	0	16	16	23	4	27	1.0	0.8333333333333334	1.0	0.8518518518518519
chrX	40713905	1	28	29	26	4	30	33	13	46	9	39	48	0.9655172413793104	0.8666666666666667	0.717391304347826	0.8125
chrX	40834823	0	13	13	22	0	22	17	0	17	1	23	24	1.0	1.0	1.0	0.9583333333333334
chrX	43731789	1002	3	1005	7	457	464	16	778	794	875	12	887	0.9970149253731343	0.9849137931034483	0.9798488664987406	0.9864712514092446
chrX	45151391	6	19	25	15	10	25	10	41	51	50	60	110	0.76	0.6	0.803921568627451	0.5454545454545454
chrX	45151620	12	8	20	15	27	42	40	9	49	67	53	120	0.6	0.6428571428571429	0.8163265306122449	0.5583333333333333
chrX	46473429	1	13	14	12	1	13	12	2	14	3	11	14	0.9285714285714286	0.9230769230769231	0.8571428571428571	0.7857142857142857
chrX	47186675	51	1	52	3	62	65	10	62	72	81	9	90	0.9807692307692307	0.9538461538461539	0.8611111111111112	0.9
chrX	47203135	113	35	148	38	110	148	51	94	145	174	41	215	0.7635135135135135	0.7432432432432432	0.6482758620689655	0.8093023255813954
chrX	47571512	1	77	78	81	2	83	109	9	118	12	121	133	0.9871794871794872	0.9759036144578314	0.923728813559322	0.9097744360902256
chrX	48808133	27	0	27	39	0	39	33	0	33	50	0	50	1.0	1.0	1.0	1.0
chrX	48824562	35	3	38	4	39	43	3	38	41	69	8	77	0.9210526315789473	0.9069767441860465	0.926829268292683	0.8961038961038961
chrX	48824675	3	29	32	54	3	57	51	3	54	10	38	48	0.90625	0.9473684210526315	0.9444444444444444	0.7916666666666666
chrX	48824681	2	29	31	44	3	47	42	3	45	9	38	47	0.9354838709677419	0.9361702127659575	0.9333333333333333	0.8085106382978723
chrX	48902014	42	1	43	7	38	45	7	41	48	67	5	72	0.9767441860465116	0.8444444444444444	0.8541666666666666	0.9305555555555556
chrX	48957728	0	18	18	1	32	33	1	51	52	2	64	66	1.0	0.9696969696969697	0.9807692307692307	0.9696969696969697
chrX	49030563	3	48	51	82	4	86	82	4	86	11	72	83	0.9411764705882353	0.9534883720930233	0.9534883720930233	0.8674698795180723
chrX	52862616	35	0	35	26	0	26	32	0	32	25	0	25	1.0	1.0	1.0	1.0
chrX	52862624	37	0	37	29	0	29	36	0	36	30	0	30	1.0	1.0	1.0	1.0
chrX	53534126	99	4	103	12	85	97	11	77	88	165	18	183	0.9611650485436893	0.8762886597938144	0.875	0.9016393442622951
chrX	53536628	98	5	103	9	101	110	7	78	85	135	20	155	0.9514563106796117	0.9181818181818182	0.9176470588235294	0.8709677419354839
chrX	53645404	106	2	108	7	121	128	23	121	144	178	23	201	0.9814814814814815	0.9453125	0.8402777777777778	0.8855721393034826
chrX	54444067	75	1	76	8	58	66	8	64	72	91	11	102	0.9868421052631579	0.8787878787878788	0.8888888888888888	0.8921568627450981
chrX	68718078	1	29	30	93	1	94	53	5	58	6	39	45	0.9666666666666667	0.9893617021276596	0.9137931034482759	0.8666666666666667
chrX	71130097	2	75	77	61	4	65	51	2	53	7	90	97	0.974025974025974	0.9384615384615385	0.9622641509433962	0.9278350515463918
chrX	75073874	2	25	27	19	0	19	25	2	27	5	30	35	0.9259259259259259	1.0	0.9259259259259259	0.8571428571428571
chrX	80707444	39	3	42	2	43	45	8	24	32	39	4	43	0.9285714285714286	0.9555555555555556	0.75	0.9069767441860465
chrX	96948937	3	64	67	62	4	66	49	1	50	5	68	73	0.9552238805970149	0.9393939393939394	0.98	0.9315068493150684
chrX	100629831	25	5	30	6	26	32	38	17	55	57	29	86	0.8333333333333334	0.8125	0.6909090909090909	0.6627906976744186
chrX	100635207	3	12	15	34	7	41	17	26	43	31	26	57	0.8	0.8292682926829268	0.6046511627906976	0.543859649122807
chrX	101413501	84	6	90	5	76	81	7	64	71	65	20	85	0.9333333333333333	0.9382716049382716	0.9014084507042254	0.7647058823529411
chrX	101656080	5	7	12	10	3	13	1	11	12	9	9	18	0.5833333333333334	0.7692307692307693	0.9166666666666666	0.5
chrX	103676032	3	141	144	164	8	172	104	11	115	23	126	149	0.9791666666666666	0.9534883720930233	0.9043478260869565	0.8456375838926175
chrX	105908290	0	245	245	129	0	129	206	0	206	0	207	207	1.0	1.0	1.0	1.0
chrX	106956972	284	4	288	22	184	206	8	287	295	317	7	324	0.9861111111111112	0.8932038834951457	0.9728813559322034	0.9783950617283951
chrX	107650120	6	6	12	6	4	10	4	6	10	12	17	29	0.5	0.6	0.6	0.5862068965517241
chrX	111251613	30	1320	1350	1074	385	1459	959	94	1053	9	1343	1352	0.9777777777777777	0.7361206305688828	0.9107312440645774	0.9933431952662722
chrX	118346530	2	10	12	13	1	14	10	5	15	5	16	21	0.8333333333333334	0.9285714285714286	0.6666666666666666	0.7619047619047619
chrX	118393057	10	1	11	1	12	13	8	8	16	10	3	13	0.9090909090909091	0.9230769230769231	0.5	0.7692307692307693
chrX	118566178	33	3	36	5	33	38	2	18	20	42	9	51	0.9166666666666666	0.868421052631579	0.9	0.8235294117647058
chrX	118791935	34	6	40	2	33	35	17	29	46	67	10	77	0.85	0.9428571428571428	0.6304347826086957	0.8701298701298701
chrX	119453040	2	16	18	20	3	23	28	1	29	5	15	20	0.8888888888888888	0.8695652173913043	0.9655172413793104	0.75
chrX	119469881	4	320	324	333	13	346	494	33	527	29	391	420	0.9876543209876543	0.9624277456647399	0.937381404174573	0.930952380952381
chrX	119470473	13	455	468	389	14	403	593	39	632	47	522	569	0.9722222222222222	0.9652605459057072	0.9382911392405063	0.9173989455184535
chrX	119544401	0	85	85	105	14	119	114	4	118	6	83	89	1.0	0.8823529411764706	0.9661016949152542	0.9325842696629213
chrX	119759450	12	0	12	0	16	16	0	13	13	65	0	65	1.0	1.0	1.0	1.0
chrX	129569381	45	1	46	0	46	46	8	40	48	67	2	69	0.9782608695652174	1.0	0.8333333333333334	0.9710144927536232
chrX	130149545	49	1	50	3	30	33	2	45	47	61	4	65	0.98	0.9090909090909091	0.9574468085106383	0.9384615384615385
chrX	133303309	5	6	11	20	12	32	28	27	55	48	65	113	0.5454545454545454	0.625	0.509090909090909	0.5752212389380531
chrX	133304844	7	6	13	27	12	39	20	17	37	45	50	95	0.5384615384615384	0.6923076923076923	0.5405405405405406	0.5263157894736842
chrX	134565930	628	2	630	7	417	424	3	506	509	498	6	504	0.9968253968253968	0.9834905660377359	0.9941060903732809	0.9880952380952381
chrX	136244702	1	111	112	98	4	102	77	1	78	4	114	118	0.9910714285714286	0.9607843137254902	0.9871794871794872	0.9661016949152542
chrX	136536196	633	0	633	9	430	439	20	536	556	745	4	749	1.0	0.979498861047836	0.9640287769784173	0.9946595460614153
chrX	149713293	17	0	17	0	13	13	0	11	11	12	0	12	1.0	1.0	1.0	1.0
chrX	150983362	88	0	88	0	133	133	1	111	112	150	1	151	1.0	1.0	0.9910714285714286	0.9933774834437086
chrX	151969707	230	1	231	0	192	192	1	148	149	186	3	189	0.9956709956709957	1.0	0.9932885906040269	0.9841269841269841
chrX	151971792	107	0	107	2	54	56	0	63	63	69	0	69	1.0	0.9642857142857143	1.0	1.0
chrX	151974325	0	72	72	73	0	73	73	2	75	0	79	79	1.0	1.0	0.9733333333333334	1.0
chrX	151974510	32	1	33	0	74	74	1	61	62	81	0	81	0.9696969696969697	1.0	0.9838709677419355	1.0
chrX	153447700	31	0	31	31	0	31	26	0	26	30	0	30	1.0	1.0	1.0	1.0
chrX	153447701	31	0	31	31	0	31	26	0	26	29	0	29	1.0	1.0	1.0	1.0
chrX	153504772	931	13	944	59	1354	1413	63	980	1043	1581	122	1703	0.986228813559322	0.9582448690728945	0.9395973154362416	0.9283617146212566
chrX	153505256	11	819	830	1541	62	1603	1218	55	1273	149	1529	1678	0.9867469879518073	0.9613225202744854	0.9567949725058916	0.9112038140643623
chrX	153506051	18	1005	1023	1347	44	1391	941	53	994	123	1395	1518	0.9824046920821115	0.9683680805176133	0.9466800804828974	0.9189723320158103
chrX	153508573	17	620	637	1294	41	1335	972	44	1016	109	1072	1181	0.9733124018838305	0.9692883895131086	0.9566929133858267	0.90770533446232
chrX	153508696	769	13	782	44	1336	1380	66	989	1055	1489	107	1596	0.9833759590792839	0.9681159420289855	0.9374407582938389	0.9329573934837093
chrX	153950388	29	65	94	63	24	87	90	20	110	47	115	162	0.6914893617021277	0.7241379310344828	0.8181818181818182	0.7098765432098766
chrX	153952914	48	13	61	14	59	73	23	38	61	85	33	118	0.7868852459016393	0.8082191780821918	0.6229508196721312	0.7203389830508474
chrX	153954214	36	21	57	24	62	86	28	102	130	92	28	120	0.631578947368421	0.7209302325581395	0.7846153846153846	0.7666666666666667
chrX	153954909	34	15	49	14	60	74	15	57	72	69	32	101	0.6938775510204082	0.8108108108108109	0.7916666666666666	0.6831683168316832
chrX	153956206	60	15	75	43	92	135	39	92	131	115	40	155	0.8	0.6814814814814815	0.7022900763358778	0.7419354838709677
chrX	153957384	35	11	46	8	77	85	23	86	109	69	38	107	0.7608695652173914	0.9058823529411765	0.7889908256880734	0.6448598130841121
chrX	154465468	30	1	31	2	37	39	1	35	36	45	5	50	0.967741935483871	0.9487179487179487	0.9722222222222222	0.9
chrX	154465991	39	1	40	8	33	41	2	36	38	41	4	45	0.975	0.8048780487804879	0.9473684210526315	0.9111111111111111
chrX	154467565	20	0	20	1	30	31	5	34	39	28	7	35	1.0	0.967741935483871	0.8717948717948718	0.8
chrX	154467904	29	0	29	4	48	52	3	42	45	41	8	49	1.0	0.9230769230769231	0.9333333333333333	0.8367346938775511
chrX	154485448	28	1	29	1	36	37	4	42	46	37	7	44	0.9655172413793104	0.972972972972973	0.9130434782608695	0.8409090909090909
chrX	154506581	57	0	57	3	65	68	4	54	58	107	7	114	1.0	0.9558823529411765	0.9310344827586207	0.9385964912280702
chrX	154532439	19	3	22	2	20	22	1	30	31	35	8	43	0.8636363636363636	0.9090909090909091	0.967741935483871	0.813953488372093
chrX	154776873	2	57	59	48	4	52	48	3	51	7	48	55	0.9661016949152542	0.9230769230769231	0.9411764705882353	0.8727272727272727
