contig	position	variantID	refAllele	altAllele	refCount	altCount	totalCount	lowMAPQDepth	lowBaseQDepth	rawDepth	otherBases	improperPairs
chrX	288706	.	A	G	1	0	1	0	0	1	0	0
chrX	293274	.	C	T	1	2	3	0	0	3	0	0
chrX	314364	.	C	G	2	1	3	0	0	3	0	0
chrX	1282541	.	A	G	3	3	6	0	0	6	0	0
chrX	1290193	.	G	T	6	0	6	0	0	6	0	0
chrX	1290527	.	G	T	2	1	3	0	0	4	0	1
chrX	1294564	.	C	G	0	4	4	0	0	4	0	0
chrX	1300356	.	A	G	9	3	12	0	0	12	0	0
chrX	1300601	.	C	G	200	95	295	7	0	313	0	11
chrX	1300732	.	C	T	9	3	12	0	0	12	0	0
chrX	1303975	.	G	A	118	153	271	7	0	286	0	8
chrX	1304050	.	T	C	1	1	2	0	0	2	0	0
chrX	1305942	.	T	C	0	3	3	0	0	3	0	0
chrX	1341602	.	G	A	1	0	1	0	0	1	0	0
chrX	1412523	.	T	C	2	0	2	0	0	2	0	0
chrX	1412549	.	G	T	0	3	3	0	0	3	0	0
chrX	1412627	.	C	G	6	0	6	0	0	6	0	0
chrX	1412665	.	C	T	0	5	5	0	0	5	0	0
chrX	1412755	.	C	T	14	26	40	0	0	40	0	0
chrX	1412872	.	C	G	17	9	26	0	0	28	0	2
chrX	1412877	.	T	C	13	9	22	0	0	24	0	2
chrX	1412945	.	A	G	4	3	7	0	0	10	0	3
chrX	1413069	.	G	C	13	2	15	0	0	16	0	1
chrX	1421582	.	C	T	1	3	4	0	0	4	0	0
chrX	1427899	.	G	A	11	12	23	0	0	25	1	1
chrX	1427983	.	A	G	13	11	24	0	0	24	0	0
chrX	1428198	.	C	A	0	1	1	0	0	1	0	0
chrX	1432077	.	C	G	0	2	2	0	0	2	0	0
chrX	1435756	.	T	C	19	12	31	3	0	34	0	0
chrX	1435762	.	T	C	2	0	2	0	0	2	0	0
chrX	1442105	.	G	A	1	0	1	0	0	1	0	0
chrX	1594128	.	C	T	34	35	69	0	0	69	0	0
chrX	1594275	.	C	T	1	1	2	0	0	2	0	0
chrX	1595720	.	C	T	2	0	2	0	0	2	0	0
chrX	1599115	.	T	G	0	1	1	0	0	2	0	1
chrX	1599467	.	G	A	7	11	18	0	0	18	0	0
chrX	1601004	.	C	G	15	15	30	0	0	30	0	0
chrX	1633124	.	G	T	0	1	1	0	0	1	0	0
chrX	2220742	.	G	A	7	4	11	0	0	11	0	0
chrX	2221145	.	C	T	39	15	54	0	0	58	0	4
chrX	2221159	.	T	C	36	19	55	0	0	58	0	3
chrX	2243088	.	C	G	15	40	55	0	0	57	0	2
chrX	2266522	.	G	A	0	1	1	0	0	1	0	0
chrX	2291634	.	G	C	0	1	1	0	0	1	0	0
chrX	2488332	.	T	G	44	30	74	0	0	78	0	4
chrX	2490396	.	G	A	25	42	67	0	0	67	0	0
chrX	2726261	.	C	T	167	77	244	15	0	260	0	1
chrX	2811305	.	G	A	0	1	1	0	0	1	0	0
chrX	2814593	.	G	A	0	7	7	0	0	7	0	0
chrX	2861529	.	A	G	1	1	2	0	0	2	0	0
chrX	2934910	.	G	A	1	1	2	0	0	2	0	0
chrX	2938114	.	C	T	0	1	1	0	0	1	0	0
chrX	3310370	.	G	A	17	2	19	0	0	19	0	0
chrX	3310612	.	G	C	15	2	17	0	0	17	0	0
chrX	3310622	.	G	C	16	2	18	0	0	18	0	0
chrX	3310850	.	A	G	15	1	16	0	0	16	0	0
chrX	3317683	.	C	T	7	1	8	0	0	8	0	0
chrX	3320126	.	T	G	30	4	34	0	0	36	0	2
chrX	3320692	.	G	A	10	4	14	0	0	17	0	3
chrX	3321504	.	C	T	28	4	32	0	0	32	0	0
chrX	3322302	.	G	A	18	1	19	0	0	21	0	2
chrX	3323009	.	G	A	22	3	25	0	0	28	0	3
chrX	3323215	.	T	C	19	4	23	0	0	24	0	1
chrX	3323243	.	A	G	20	5	25	0	0	26	0	1
chrX	3323276	.	T	C	23	4	27	0	0	28	0	1
chrX	3323750	.	G	A	14	0	14	0	0	14	0	0
chrX	3674684	.	G	A	10	5	15	0	0	15	0	0
chrX	5892715	.	C	T	30	0	30	0	0	32	0	2
chrX	7058148	.	T	C	2	0	2	0	0	2	0	0
chrX	8732127	.	A	C	1	0	1	0	0	1	0	0
chrX	9693506	.	T	C	0	2	2	0	0	2	0	0
chrX	9697328	.	C	A	2	0	2	0	0	2	0	0
chrX	9697441	.	G	T	1	0	1	0	0	1	0	0
chrX	9725612	.	G	A	1	10	11	0	0	12	0	1
chrX	9739333	.	G	A	0	1	1	0	0	1	0	0
chrX	9895072	.	A	G	14	2	16	0	0	16	0	0
chrX	9967486	.	G	T	1	0	1	0	0	1	0	0
chrX	10094123	.	G	C	0	3	3	0	0	3	0	0
chrX	10098320	.	C	G	0	3	3	0	0	3	0	0
chrX	10098347	.	G	C	0	3	3	0	0	3	0	0
chrX	10122953	.	G	A	2	0	2	0	0	2	0	0
chrX	10125258	.	T	C	11	1	12	0	0	13	0	1
chrX	10125862	.	A	G	4	1	5	0	0	5	0	0
chrX	10125932	.	C	A	6	0	6	0	0	6	0	0
chrX	10130290	.	A	G	9	1	10	0	0	10	0	0
chrX	10130337	.	C	T	1	11	12	0	0	12	0	0
chrX	10134298	.	T	C	1	0	1	0	0	1	0	0
chrX	10134346	.	T	C	0	4	4	0	0	4	0	0
chrX	10136503	.	A	G	3	0	3	0	0	4	0	1
chrX	10136545	.	G	T	3	0	3	0	0	4	0	1
chrX	10139016	.	A	G	2	0	2	0	0	2	0	0
chrX	10139289	.	G	A	4	0	4	0	0	4	0	0
chrX	10233740	.	A	G	2	0	2	0	0	2	0	0
chrX	11664955	.	A	G	2	0	2	0	0	2	0	0
chrX	11768720	.	T	C	3	0	3	0	0	3	0	0
chrX	11775185	.	A	G	19	3	22	0	0	22	0	0
chrX	12885540	.	A	T	3	11	14	0	0	15	0	1
chrX	12919685	.	C	T	3	3	6	0	0	6	0	0
chrX	12920993	.	G	C	4	2	6	0	0	7	0	1
chrX	12921293	.	C	A	3	1	4	0	0	4	0	0
chrX	12976131	.	A	G	3	3	6	0	0	6	0	0
chrX	13662996	.	C	T	3	0	3	0	0	3	0	0
chrX	13663519	.	C	T	4	0	4	0	0	4	0	0
chrX	13663560	.	G	T	5	0	5	0	0	5	0	0
chrX	13734776	.	G	T	2	1	3	0	0	3	0	0
chrX	13753457	.	A	G	4	0	4	0	0	4	0	0
chrX	13761005	.	G	A	0	1	1	0	0	1	0	0
chrX	15321425	.	A	C	1	17	18	0	0	18	0	0
chrX	15331048	.	G	T	7	0	7	0	0	7	0	0
chrX	15335361	.	G	C	7	0	7	0	0	8	0	1
chrX	15782484	.	G	C	0	5	5	0	0	5	0	0
chrX	16842011	.	T	C	1	8	9	0	0	10	0	1
chrX	17561621	.	T	A	2	0	2	0	0	2	0	0
chrX	17719648	.	C	G	1	0	1	0	0	1	0	0
chrX	17728124	.	T	C	16	3	19	0	0	19	0	0
chrX	18920043	.	G	T	55	6	61	0	0	65	0	4
chrX	18943510	.	T	C	3	0	3	0	0	3	0	0
chrX	19746586	.	G	A	0	1	1	0	0	1	0	0
chrX	19917459	.	C	T	0	2	2	0	0	2	0	0
chrX	19966791	.	T	A	0	3	3	0	0	3	0	0
chrX	20052928	.	T	C	1	26	27	0	0	28	0	1
chrX	20116862	.	G	A	0	3	3	0	0	3	0	0
chrX	20186343	.	G	T	18	30	48	3	0	54	0	3
chrX	20187738	.	A	C	0	2	2	0	0	2	0	0
chrX	21940733	.	A	G	2	9	11	0	0	13	0	2
chrX	21967346	.	C	T	3	0	3	0	0	5	0	2
chrX	21985112	.	T	C	0	2	2	0	0	2	0	0
chrX	23000007	.	T	C	0	1	1	0	0	1	0	0
chrX	23001200	.	G	T	0	1	1	0	0	1	0	0
chrX	23001229	.	G	T	0	1	1	0	0	1	0	0
chrX	24055644	.	C	T	134	96	230	11	0	255	0	14
chrX	24055857	.	A	G	1	0	1	0	0	1	0	0
chrX	24465434	.	T	C	6	5	11	0	0	11	0	0
chrX	24499094	.	A	G	0	1	1	0	0	2	0	1
chrX	24519231	.	A	G	1	2	3	0	0	3	0	0
chrX	24647156	.	G	A	1	1	2	0	0	3	0	1
chrX	24748534	.	G	A	0	1	1	0	0	1	0	0
chrX	31146108	.	T	C	0	1	1	0	0	1	0	0
chrX	31146524	.	T	G	0	1	1	0	0	1	0	0
chrX	31478233	.	C	T	0	1	1	0	0	1	0	0
chrX	33041544	.	C	T	0	1	1	0	0	1	0	0
chrX	34630163	.	G	A	1	0	1	0	0	1	0	0
chrX	34656853	.	C	G	2	0	2	0	0	2	0	0
chrX	37841224	.	C	G	1	0	1	0	0	1	0	0
chrX	38033743	.	C	T	7	5	12	0	0	13	0	1
chrX	38054665	.	T	A	1	0	1	0	0	1	0	0
chrX	38073633	.	A	G	12	8	20	0	0	20	0	0
chrX	38076741	.	T	A	1	0	1	0	0	1	0	0
chrX	38096083	.	T	C	0	1	1	0	0	1	0	0
chrX	38108615	.	T	C	9	11	20	0	0	20	0	0
chrX	38122221	.	T	A	0	1	1	0	0	1	0	0
chrX	38285735	.	C	T	4	0	4	0	0	4	0	0
chrX	38285780	.	G	A	3	0	3	0	0	3	0	0
chrX	38286658	.	C	T	0	1	1	0	0	1	0	0
chrX	38286776	.	C	T	1	0	1	0	0	1	0	0
chrX	38287348	.	G	A	4	0	4	0	0	4	0	0
chrX	38287917	.	C	T	9	3	12	0	0	14	0	2
chrX	38290948	.	T	C	0	1	1	0	0	1	0	0
chrX	38297407	.	T	C	4	1	5	0	0	5	0	0
chrX	38297424	.	C	T	6	2	8	0	0	8	0	0
chrX	38298940	.	T	C	1	2	3	0	0	3	0	0
chrX	38310878	.	C	G	1	0	1	0	0	1	0	0
chrX	40591333	.	C	G	42	188	230	3	0	241	0	8
chrX	40600597	.	A	C	1	0	1	0	0	1	0	0
chrX	40600788	.	T	C	179	36	215	6	0	226	0	5
chrX	40655070	.	G	A	1	0	1	0	0	1	0	0
chrX	40908261	.	A	C	0	2	2	0	0	2	0	0
chrX	40935013	.	C	T	6	4	10	1	0	13	0	2
chrX	41131284	.	G	T	2	0	2	0	0	2	0	0
chrX	41134654	.	T	G	0	1	1	0	0	1	0	0
chrX	41134685	.	G	A	1	0	1	0	0	1	0	0
chrX	41137060	.	A	G	6	0	6	0	0	6	0	0
chrX	41143591	.	T	C	0	3	3	0	0	3	0	0
chrX	41148687	.	C	T	7	0	7	0	0	7	0	0
chrX	41152849	.	G	T	3	0	3	0	0	3	0	0
chrX	41171650	.	T	A	1	0	1	0	0	1	0	0
chrX	41172166	.	G	T	6	2	8	0	0	8	0	0
chrX	41184691	.	T	C	1	7	8	0	0	8	0	0
chrX	41197181	.	A	G	5	0	5	0	0	5	0	0
chrX	41198879	.	G	A	3	0	3	0	0	4	0	1
chrX	41198886	.	A	T	5	0	5	0	0	6	0	1
chrX	41201360	.	A	G	4	1	5	0	0	5	0	0
chrX	41214477	.	A	T	3	0	3	0	0	3	0	0
chrX	41214481	.	A	G	3	0	3	0	0	3	0	0
chrX	41224614	.	C	T	0	2	2	0	0	2	0	0
chrX	41225281	.	G	C	0	5	5	0	0	5	0	0
chrX	41225389	.	G	A	1	0	1	0	0	1	0	0
chrX	43693568	.	T	C	0	6	6	0	0	6	0	0
chrX	43731789	.	G	T	513	17	530	13	0	570	0	27
chrX	43736181	.	A	G	9	0	9	0	0	10	0	1
chrX	43736496	.	A	G	9	0	9	0	0	10	0	1
chrX	43741895	.	C	T	10	0	10	0	0	12	0	2
chrX	43742116	.	A	G	12	2	14	0	0	14	0	0
chrX	43744144	.	T	C	623	23	646	18	0	688	0	24
chrX	44235439	.	G	T	0	5	5	0	0	6	0	1
chrX	46440204	.	G	A	1	0	1	0	0	2	0	1
chrX	46450394	.	A	C	1	0	1	0	0	1	0	0
chrX	46455381	.	G	A	1	0	1	0	0	1	0	0
chrX	46455540	.	A	T	1	0	1	0	0	1	0	0
chrX	46457139	.	G	C	1	0	1	0	0	1	0	0
chrX	46575686	.	T	C	1	1	2	0	0	2	0	0
chrX	47203135	.	G	A	39	134	173	9	0	190	0	8
chrX	47226274	.	C	T	6	10	16	0	0	17	0	1
chrX	47467712	.	T	C	0	5	5	0	0	5	0	0
chrX	47585480	.	G	C	3	0	3	0	0	3	0	0
chrX	47585586	.	T	C	60	52	112	0	0	120	0	8
chrX	47585887	.	A	G	1	0	1	0	0	1	0	0
chrX	47586541	.	C	T	131	52	183	0	0	189	0	6
chrX	48459000	.	A	G	2	0	2	0	0	2	0	0
chrX	48481597	.	C	T	2	0	2	0	0	2	0	0
chrX	48601574	.	G	A	0	15	15	0	0	16	0	1
chrX	48817519	.	C	G	3	0	3	0	0	3	0	0
chrX	48894188	.	G	A	7	70	77	2	0	81	0	2
chrX	48894759	.	G	A	0	1	1	0	0	1	0	0
chrX	48901927	.	C	T	1	0	1	0	0	1	0	0
chrX	48906204	.	G	A	0	1	1	0	0	1	0	0
chrX	48957639	.	G	A	65	7	72	0	0	78	0	6
chrX	48991085	.	T	C	6	31	37	0	0	37	0	0
chrX	49030563	.	T	C	6	63	69	0	0	71	0	2
chrX	49076231	.	C	G	0	12	12	0	0	12	0	0
chrX	49172131	.	G	C	0	2	2	0	0	2	0	0
chrX	49179383	.	C	T	1	16	17	0	0	17	0	0
chrX	49184408	.	T	C	0	1	1	0	0	1	0	0
chrX	49246459	.	G	A	0	1	1	0	0	1	0	0
chrX	49830912	.	C	T	0	2	2	0	0	2	0	0
chrX	50598377	.	C	A	13	20	33	0	0	35	0	2
chrX	50598675	.	G	C	0	1	1	0	0	1	0	0
chrX	50633139	.	C	T	1	1	2	0	0	2	0	0
chrX	52862341	.	T	C	2	0	2	0	0	2	0	0
chrX	52862350	.	C	G	2	0	2	0	0	2	0	0
chrX	52862416	.	T	C	1	0	1	0	0	1	0	0
chrX	52862420	.	C	A	1	0	1	0	0	1	0	0
chrX	52862437	.	G	A	1	0	1	0	0	1	0	0
chrX	52862463	.	T	C	1	0	1	0	0	1	0	0
chrX	52862616	.	A	G	24	0	24	0	0	30	0	6
chrX	52862624	.	C	T	28	0	28	0	0	34	0	6
chrX	52862703	.	G	A	6	0	6	0	0	7	0	1
chrX	52862707	.	G	T	6	0	6	0	0	7	0	1
chrX	52862709	.	C	T	6	0	6	0	0	7	0	1
chrX	52862710	.	A	G	6	0	6	0	0	7	0	1
chrX	52862789	.	G	A	6	0	6	0	0	6	0	0
chrX	52862852	.	T	C	3	0	3	0	0	3	0	0
chrX	52862858	.	C	T	3	0	3	0	0	3	0	0
chrX	52862860	.	T	C	3	0	3	0	0	3	0	0
chrX	52862872	.	G	A	3	0	3	0	0	3	0	0
chrX	53279396	.	T	C	0	1	1	0	0	1	0	0
chrX	53394732	.	C	G	1	0	1	0	0	1	0	0
chrX	53422619	.	G	A	26	16	42	0	0	46	0	4
chrX	53426324	.	C	T	2	0	2	0	0	2	0	0
chrX	53430674	.	C	T	0	1	1	0	0	1	0	0
chrX	53535692	.	G	C	1	0	1	0	0	1	0	0
chrX	53536301	.	G	A	2	0	2	0	0	2	0	0
chrX	53544503	.	G	C	0	2	2	0	0	2	0	0
chrX	53547534	.	G	T	3	0	3	0	0	3	0	0
chrX	53557457	.	G	A	0	2	2	0	0	2	0	0
chrX	53575030	.	A	C	3	0	3	0	0	3	0	0
chrX	53580794	.	A	C	1	2	3	0	0	3	0	0
chrX	53614686	.	T	C	157	15	172	2	0	182	0	8
chrX	53616710	.	A	G	2	0	2	0	0	2	0	0
chrX	53648535	.	A	C	2	0	2	0	0	3	0	1
chrX	53648545	.	A	C	2	0	2	0	0	3	0	1
chrX	54002117	.	A	G	1	0	1	0	0	1	0	0
chrX	54085848	.	T	G	4	0	4	0	0	4	0	0
chrX	54085852	.	T	G	4	0	4	0	0	4	0	0
chrX	54560870	.	G	A	2	0	2	0	0	3	0	1
chrX	54809928	.	A	G	86	171	257	0	0	265	0	8
chrX	54810072	.	A	G	75	144	219	0	0	223	0	4
chrX	54810907	.	C	T	72	118	190	1	0	193	0	2
chrX	54811644	.	C	T	68	178	246	16	0	271	0	9
chrX	54811919	.	C	A	2	1	3	0	0	3	0	0
chrX	54812004	.	G	A	1	2	3	0	0	3	0	0
chrX	54813580	.	C	T	0	1	1	0	0	1	0	0
chrX	54815024	.	G	A	0	2	2	0	0	2	0	0
chrX	55452866	.	G	A	4	15	19	0	0	21	0	2
chrX	55722467	.	G	T	5	0	5	0	0	5	0	0
chrX	56270055	.	G	C	0	2	2	0	0	2	0	0
chrX	64190230	.	T	C	0	2	2	0	0	2	0	0
chrX	65534354	.	T	C	0	1	1	0	0	1	0	0
chrX	68432671	.	A	G	14	4	18	0	0	19	0	1
chrX	68499243	.	G	T	4	5	9	0	0	9	0	0
chrX	70281007	.	G	C	0	1	1	0	0	1	0	0
chrX	70284223	.	T	C	0	1	1	0	0	1	0	0
chrX	70284229	.	T	G	3	0	3	0	0	3	0	0
chrX	70452612	.	G	C	15	0	15	0	0	15	0	0
chrX	70452805	.	T	C	1	0	1	0	0	2	0	1
chrX	70498464	.	C	T	2	0	2	0	0	2	0	0
chrX	70499725	.	C	T	3	1	4	0	0	4	0	0
chrX	71097249	.	T	C	0	22	22	0	0	22	0	0
chrX	71101781	.	T	G	1	9	10	0	0	10	0	0
chrX	71110746	.	T	C	0	1	1	0	0	1	0	0
chrX	71120888	.	A	G	0	1	1	0	0	1	0	0
chrX	71122064	.	G	A	0	1	1	0	0	1	0	0
chrX	71124481	.	G	C	1	4	5	0	0	5	0	0
chrX	71131988	.	C	T	0	1	1	0	0	1	0	0
chrX	71136092	.	G	C	0	5	5	0	0	5	0	0
chrX	71136792	.	T	C	0	1	1	0	0	1	0	0
chrX	71137013	.	C	T	70	7	77	0	0	81	0	4
chrX	71141758	.	T	C	0	1	1	0	0	1	0	0
chrX	71141769	.	T	C	0	1	1	0	0	1	0	0
chrX	71164417	.	C	T	0	1	1	0	0	1	0	0
chrX	71244749	.	C	T	1	1	2	0	0	2	0	0
chrX	71366191	.	T	C	1	0	1	0	0	1	0	0
chrX	71366193	.	C	G	1	0	1	0	0	1	0	0
chrX	71366198	.	T	C	1	0	1	0	0	1	0	0
chrX	71366203	.	T	C	1	0	1	0	0	1	0	0
chrX	71377696	.	C	G	40	7	47	0	0	47	0	0
chrX	71402001	.	A	G	0	1	1	0	0	1	0	0
chrX	71555852	.	A	G	2	0	2	0	0	2	0	0
chrX	71609122	.	G	A	0	2	2	0	0	2	0	0
chrX	72572062	.	C	T	14	0	14	2	0	17	0	1
chrX	74031862	.	A	T	0	2	2	0	0	3	0	1
chrX	74472989	.	C	T	1	0	1	0	0	1	0	0
chrX	74529484	.	T	G	0	1	1	0	0	1	0	0
chrX	74531188	.	C	G	1	0	1	0	0	1	0	0
chrX	75069509	.	C	T	3	0	3	0	0	3	0	0
chrX	75114852	.	T	C	2	0	2	0	0	2	0	0
chrX	75742002	.	A	G	1	0	1	0	0	2	0	1
chrX	75742133	.	G	A	1	1	2	0	0	2	0	0
chrX	76428947	.	G	C	0	1	1	0	0	1	0	0
chrX	77853997	.	A	G	1	1	2	0	0	2	0	0
chrX	78104228	.	C	T	0	1	1	0	0	1	0	0
chrX	79170796	.	C	A	2	1	3	0	0	3	0	0
chrX	80929767	.	G	T	23	0	23	0	0	29	0	6
chrX	84065009	.	C	T	6	0	6	0	0	6	0	0
chrX	85964016	.	T	C	13	4	17	0	0	18	0	1
chrX	93672635	.	G	C	3	1	4	0	0	5	0	1
chrX	96735534	.	G	A	1	0	1	0	0	2	0	1
chrX	96735840	.	A	T	1	0	1	0	0	1	0	0
chrX	96912671	.	T	C	0	1	1	0	0	1	0	0
chrX	96941881	.	A	G	0	1	1	0	0	1	0	0
chrX	96958214	.	T	C	0	1	1	0	0	1	0	0
chrX	97469468	.	C	T	0	2	2	0	0	3	0	1
chrX	100594020	.	G	A	0	2	2	0	0	2	0	0
chrX	100629831	.	G	A	38	37	75	0	0	76	0	1
chrX	100823040	.	G	A	0	2	2	0	0	2	0	0
chrX	100887690	.	C	T	0	8	8	0	0	8	0	0
chrX	100907987	.	A	G	4	0	4	0	0	4	0	0
chrX	100988302	.	G	A	0	1	1	0	0	1	0	0
chrX	101140680	.	G	A	0	2	2	0	0	2	0	0
chrX	101146015	.	A	T	0	2	2	0	0	2	0	0
chrX	101346854	.	C	T	1	0	1	0	0	1	0	0
chrX	101349693	.	C	T	7	1	8	0	0	8	0	0
chrX	101353203	.	G	A	4	1	5	0	0	5	0	0
chrX	101354559	.	G	A	1	0	1	0	0	1	0	0
chrX	101399082	.	A	G	1	0	1	0	0	1	0	0
chrX	101400598	.	T	C	1	0	1	0	0	1	0	0
chrX	101400882	.	G	C	11	2	13	0	0	13	0	0
chrX	101407915	.	C	T	9	1	10	0	0	10	0	0
chrX	101488839	.	A	G	2	0	2	0	0	2	0	0
chrX	101490838	.	T	C	2	0	2	0	0	2	0	0
chrX	101492466	.	G	A	2	1	3	0	0	3	0	0
chrX	101492707	.	G	C	1	1	2	0	0	2	0	0
chrX	105888149	.	C	A	0	3	3	0	0	3	0	0
chrX	105908290	.	G	A	0	246	246	22	0	275	0	7
chrX	105924541	.	G	T	0	1	1	0	0	1	0	0
chrX	105935140	.	C	T	0	2	2	0	0	2	0	0
chrX	106678294	.	T	G	5	0	5	0	0	5	0	0
chrX	106678296	.	T	G	4	0	4	0	0	4	0	0
chrX	106853565	.	A	G	3	9	12	0	0	13	0	1
chrX	106874139	.	G	C	8	1	9	0	0	9	0	0
chrX	106956972	.	G	A	382	6	388	32	0	447	0	27
chrX	106978260	.	C	T	6	0	6	0	0	6	0	0
chrX	106981371	.	G	A	12	403	415	8	0	433	0	10
chrX	108087612	.	G	T	0	1	1	0	0	1	0	0
chrX	108092031	.	A	C	1	1	2	0	0	2	0	0
chrX	108174500	.	G	A	2	1	3	0	0	3	0	0
chrX	108190458	.	A	G	0	4	4	0	0	4	0	0
chrX	109674528	.	T	C	0	3	3	0	0	3	0	0
chrX	109674544	.	A	G	0	2	2	0	0	2	0	0
chrX	112780929	.	G	T	123	1	124	0	0	130	0	6
chrX	112816037	.	C	T	2	0	2	0	0	2	0	0
chrX	118387375	.	G	A	6	6	12	2	0	17	0	3
chrX	118387427	.	C	A	1	0	1	0	0	1	0	0
chrX	118393057	.	C	T	21	6	27	0	0	30	0	3
chrX	118393982	.	C	G	0	1	1	0	0	1	0	0
chrX	118394002	.	C	T	1	1	2	0	0	2	0	0
chrX	118394093	.	G	A	8	22	30	0	0	30	0	0
chrX	118407147	.	A	G	1	0	1	0	0	1	0	0
chrX	118410783	.	C	T	0	1	1	0	0	1	0	0
chrX	118432819	.	C	T	4	15	19	1	0	23	0	3
chrX	118443514	.	T	C	1	0	1	0	0	1	0	0
chrX	118444725	.	A	G	1	0	1	0	0	1	0	0
chrX	118542522	.	G	A	1	0	1	0	0	2	0	1
chrX	118543679	.	A	G	0	3	3	0	0	3	0	0
chrX	118561237	.	G	C	1	0	1	0	0	1	0	0
chrX	118584706	.	T	A	0	1	1	0	0	1	0	0
chrX	118584707	.	T	A	0	1	1	0	0	1	0	0
chrX	118598201	.	A	C	0	1	1	0	0	1	0	0
chrX	118758328	.	C	G	0	1	1	0	0	1	0	0
chrX	118791935	.	A	G	19	41	60	1	0	63	0	2
chrX	119088397	.	T	A	1	0	1	0	0	1	0	0
chrX	119637276	.	A	G	1	0	1	0	0	1	0	0
chrX	119852105	.	G	A	0	4	4	0	0	4	0	0
chrX	120456678	.	T	A	390	28	418	0	0	436	0	18
chrX	120612153	.	T	C	1	0	1	0	0	1	0	0
chrX	120626774	.	A	T	33	7	40	0	0	40	0	0
chrX	123186065	.	T	C	1	0	1	0	0	1	0	0
chrX	123202596	.	T	C	0	2	2	0	0	2	0	0
chrX	123394926	.	A	G	0	1	1	0	0	1	0	0
chrX	123514603	.	T	C	1	0	1	0	0	1	0	0
chrX	123900377	.	A	G	0	1	1	0	0	1	0	0
chrX	123906813	.	T	C	0	1	1	0	0	1	0	0
chrX	123907193	.	A	G	13	41	54	0	0	55	0	1
chrX	124063707	.	T	C	1	0	1	0	0	1	0	0
chrX	124093754	.	T	C	0	2	2	0	0	2	0	0
chrX	129518572	.	T	C	0	1	1	0	0	1	0	0
chrX	129746638	.	T	C	3	0	3	0	0	4	0	1
chrX	129793914	.	T	C	11	0	11	0	0	11	0	0
chrX	134394086	.	A	C	0	1	1	0	0	1	0	0
chrX	134565930	.	T	G	7	474	481	0	0	496	0	15
chrX	134897051	.	T	C	0	2	2	0	0	2	0	0
chrX	134991445	.	C	G	7	4	11	0	0	11	0	0
chrX	135051967	.	T	A	24	9	33	5	0	38	0	0
chrX	135293681	.	T	G	2	1	3	0	0	3	0	0
chrX	135360587	.	T	C	4	8	12	0	0	12	0	0
chrX	136206996	.	C	T	0	4	4	0	0	4	0	0
chrX	136228606	.	G	A	2	0	2	0	0	2	0	0
chrX	136250964	.	G	A	0	2	2	0	0	3	0	1
chrX	136251074	.	C	T	1	0	1	0	0	1	0	0
chrX	136296223	.	C	T	2	0	2	0	0	2	0	0
chrX	136347344	.	C	A	0	3	3	0	0	3	0	0
chrX	136874059	.	G	A	85	0	85	0	0	88	0	3
chrX	136984388	.	C	T	0	1	1	0	0	1	0	0
chrX	139737693	.	C	T	1	0	1	0	0	1	0	0
chrX	139763595	.	G	A	0	1	1	0	0	1	0	0
chrX	139788058	.	A	C	2	0	2	0	0	2	0	0
chrX	139796107	.	G	A	1	1	2	0	0	2	0	0
chrX	148662944	.	C	A	1	0	1	0	0	1	0	0
chrX	149967605	.	C	A	5	0	5	0	0	5	0	0
chrX	150473747	.	A	G	0	1	1	0	0	1	0	0
chrX	150512284	.	T	C	1	1	2	0	0	2	0	0
chrX	150614442	.	G	C	0	5	5	0	0	5	0	0
chrX	150639096	.	G	A	0	2	2	0	0	2	0	0
chrX	150658030	.	G	A	1	0	1	0	0	1	0	0
chrX	150718858	.	C	T	3	0	3	0	0	3	0	0
chrX	150727547	.	G	A	0	1	1	0	0	1	0	0
chrX	150744712	.	A	G	0	5	5	0	0	5	0	0
chrX	150762454	.	G	T	0	1	1	0	0	2	0	1
chrX	152652364	.	G	C	0	1	1	0	0	1	0	0
chrX	152918876	.	C	T	0	1	1	0	0	1	0	0
chrX	152920495	.	G	A	2	0	2	0	0	2	0	0
chrX	152936675	.	T	C	0	1	1	0	0	1	0	0
chrX	153183472	.	A	G	1	0	1	0	0	1	0	0
chrX	153447700	.	A	C	30	0	30	0	0	30	0	0
chrX	153447701	.	A	C	30	0	30	0	0	30	0	0
chrX	153919791	.	T	A	1	4	5	0	0	5	0	0
chrX	154030595	.	G	A	23	9	32	0	0	33	0	1
chrX	154031524	.	G	A	0	2	2	0	0	2	0	0
chrX	154097549	.	T	A	1	0	1	0	0	1	0	0
chrX	154097557	.	G	C	1	0	1	0	0	1	0	0
chrX	154348765	.	T	G	121	74	195	0	0	200	3	2
chrX	154351080	.	A	G	3	3	6	0	0	6	0	0
chrX	154353564	.	A	G	129	114	243	0	0	250	0	7
chrX	154353830	.	T	C	1	0	1	0	0	1	0	0
chrX	154354335	.	G	A	1	0	1	0	0	1	0	0
chrX	154363108	.	T	G	1	0	1	0	0	1	0	0
chrX	154363125	.	T	G	1	1	2	0	0	2	0	0
chrX	154363833	.	A	G	2	1	3	0	0	3	0	0
chrX	154366878	.	G	C	0	2	2	0	0	2	0	0
chrX	154366891	.	G	A	0	2	2	0	0	2	0	0
chrX	154367050	.	T	C	1	3	4	0	0	4	0	0
chrX	154370812	.	A	G	1	4	5	0	0	5	0	0
chrX	154381256	.	G	C	0	7	7	0	0	7	0	0
chrX	154381257	.	C	T	0	7	7	0	0	7	0	0
chrX	154398308	.	A	C	1	9	10	0	0	10	0	0
chrX	154398397	.	G	A	12	4	16	0	0	17	0	1
chrX	154398804	.	A	C	1	5	6	0	0	7	0	1
chrX	154403855	.	T	G	0	1	1	0	0	1	0	0
chrX	154405018	.	C	G	6	41	47	1	0	50	0	2
chrX	154405612	.	C	T	3	30	33	1	0	34	0	0
chrX	154428737	.	G	A	3	38	41	0	0	46	0	5
chrX	154431724	.	T	C	1	0	1	0	0	1	0	0
chrX	154435026	.	G	A	1	2	3	0	0	3	0	0
chrX	154436152	.	A	G	32	242	274	0	0	282	0	8
chrX	154437448	.	A	C	0	2	2	0	0	2	0	0
chrX	154438830	.	T	C	21	190	211	0	0	216	0	5
chrX	154439076	.	C	T	28	168	196	0	0	205	0	9
chrX	154441422	.	C	T	1	0	1	0	0	1	0	0
chrX	154442621	.	T	C	46	199	245	1	0	251	0	5
chrX	154444186	.	T	C	0	2	2	0	0	4	0	2
chrX	154449352	.	T	C	0	11	11	0	0	11	0	0
chrX	154449548	.	A	G	0	7	7	0	0	9	0	2
chrX	154450358	.	C	T	0	2	2	0	0	2	0	0
chrX	154460823	.	T	C	0	1	1	0	0	1	0	0
chrX	154469837	.	C	T	2	0	2	0	0	2	0	0
chrX	154488494	.	G	A	13	89	102	0	0	109	0	7
chrX	154776873	.	G	A	59	4	63	0	0	63	0	0
chrX	154781072	.	A	G	0	1	1	0	0	1	0	0
chrX	154784234	.	C	T	9	0	9	0	0	10	0	1
chrX	154791839	.	C	A	13	168	181	3	0	188	0	4
chrX	154929926	.	T	G	1	2	3	0	0	3	0	0
